iddeputado,nome,siglapartido,siglauf,idlegislatura
204554,"Abílio Santana",PSC,BA,56
204521,"Abou Anni",UNIÃO,SP,56
204379,"Acácio Favacho",MDB,AP,56
204560,"Adolfo Viana",PSDB,BA,56
204528,"Adriana Ventura",NOVO,SP,56
121948,"Adriano do Baldy",PP,GO,56
74646,"Aécio Neves",PSDB,MG,56
141372,"Aelton Freitas",PP,MG,56
160508,"Afonso Florence",PT,BA,56
136811,"Afonso Hamm",PP,RS,56
178835,"Afonso Motta",PDT,RS,56
160527,"Aguinaldo Ribeiro",PP,PB,56
204495,"Airton Faleiro",PT,PA,56
204549,"AJ Albuquerque",PP,CE,56
178836,"Alan Rick",UNIÃO,AC,56
160559,"Alceu Moreira",MDB,RS,56
204413,"Alcides Rodrigues",PATRIOTA,GO,56
204545,"Alê Silva",REPUBLICANOS,MG,56
204501,"Alencar Santana",PT,SP,56
160511,"Alessandro Molon",PSB,RJ,56
178972,"Alex Manente",CIDADANIA,SP,56
204571,"Alex Santana",REPUBLICANOS,BA,56
105534,"Alexandre Figueiredo",PSD,SE,56
204544,"Alexandre Frota",PSDB,SP,56
160545,"Alexandre Leite",UNIÃO,SP,56
204503,"Alexandre Padilha",PT,SP,56
178833,"Alexandre Serfiotis",PSD,RJ,56
204516,"Alexis Fonteyne",NOVO,SP,56
74057,"Alice Portugal",PCdoB,BA,56
178927,"Aliel Machado",PV,PR,56
204353,"Aline Gurgel",REPUBLICANOS,AP,56
204400,"Aline Sleutjes",PROS,PR,56
178937,"Altineu Côrtes",PL,RJ,56
178881,"Aluisio Mendes",PSC,MA,56
204356,"Amaro Neto",REPUBLICANOS,ES,56
178831,"André Abdon",PP,AP,56
74471,"André de Paula",PSD,PE,56
204423,"André Ferreira",PL,PE,56
133439,"André Figueiredo",PDT,CE,56
178882,"André Fufuca",PP,MA,56
204515,"André Janones",AVANTE,MG,56
73696,"Angela Amin",PP,SC,56
74212,"Aníbal Gomes",UNIÃO,CE,56
123756,"Antônia Lúcia",REPUBLICANOS,AC,56
160553,"Antonio Brito",PSD,BA,56
73433,"Arlindo Chinaglia",PT,SP,56
73434,"ARNALDO FARIA DE SÁ",PP,SP,56
141391,"Arnaldo Jardim",CIDADANIA,SP,56
204414,"Aroldo Martins",REPUBLICANOS,PR,56
160541,"Arthur Lira",PP,AL,56
160600,"Arthur Oliveira Maia",UNIÃO,BA,56
159237,"Assis Carvalho",PT,PI,56
74090,"Átila Lins",PSD,AM,56
74459,"Átila Lira",PP,PI,56
160665,"Augusto Coutinho",REPUBLICANOS,PE,56
204509,"Áurea Carolina",PSOL,MG,56
160512,"Aureo Ribeiro",SOLIDARIEDADE,RJ,56
69871,Bacelar,PV,BA,56
178975,"Baleia Rossi",MDB,SP,56
73701,"Benedita da Silva",PT,RJ,56
109429,"Benes Leocádio",UNIÃO,RN,56
141335,"Beto Faro",PT,PA,56
204358,"Beto Pereira",PSDB,MS,56
178948,"Beto Rosado",PP,RN,56
207176,"Bia Cavassa",PSDB,MS,56
204374,"Bia Kicis",PL,DF,56
204388,"Bibo Nunes",PL,RS,56
141513,"Bilac Pinto",UNIÃO,MG,56
204561,"Bira do Pindaré",PSB,MA,56
204397,"Boca Aberta",PROS,PR,56
160538,"Bohn Gass",PT,RS,56
74052,"Bosco Costa",PL,SE,56
204551,"Bosco Saraiva",SOLIDARIEDADE,AM,56
204502,Bozzella,UNIÃO,SP,56
160589,"Bruna Furlan",PSDB,SP,56
93083,"Cacá Leão",PP,BA,56
178853,Caetano,PT,BA,56
204352,"Camilo Capiberibe",PSB,AP,56
204572,"Capitão Alberto Neto",PL,AM,56
178829,"Capitão Augusto",PL,SP,56
204531,"Capitão Derrite",PL,SP,56
178924,"Capitão Fábio Abreu",PSD,PI,56
204487,"Capitão Wagner",UNIÃO,CE,56
213762,"Carla Dickson",UNIÃO,RN,56
204507,"Carla Zambelli",PL,SP,56
141401,"Carlos Bezerra",MDB,MT,56
204361,"Carlos Chiodini",MDB,SC,56
178962,"Carlos Gomes",REPUBLICANOS,RS,56
178993,"Carlos Henrique Gaguim",UNIÃO,TO,56
204460,"Carlos Jordy",PL,RJ,56
74262,"Carlos Sampaio",PSDB,SP,56
204426,"Carlos Veras",PT,PE,56
141398,"Carlos Zarattini",PT,SP,56
164360,"Carmen Zanotto",CIDADANIA,SC,56
204369,"Caroline de Toni",PL,SC,56
204499,"Cássio Andrade",PSB,PA,56
204380,"Celina Leão",PP,DF,56
204370,"Célio Moura",PT,TO,56
178876,"Célio Silveira",MDB,GO,56
204488,"Célio Studart",PSD,CE,56
141405,"Celso Maldaner",MDB,SC,56
73441,"Celso Russomanno",REPUBLICANOS,SP,56
204496,"Celso Sabino",UNIÃO,PA,56
204504,"Cezinha de Madureira",PSD,SP,56
205476,"Charles Fernandes",PSD,BA,56
204490,"Charlles Evangelista",PP,MG,56
141439,"Chico D'Angelo",PDT,RJ,56
141440,"CHICO LOPES",PCdoB,CE,56
204476,"Chiquinho Brazão",UNIÃO,RJ,56
204462,"Chris Tonietto",PL,RJ,56
178928,"Christiane de Souza Yared",PP,PR,56
204440,"Christino Aureo",PP,RJ,56
178939,"Clarissa Garotinho",UNIÃO,RJ,56
74537,"Claudio Cajado",PP,BA,56
141408,"Cleber Verde",REPUBLICANOS,MA,56
204376,"Coronel Armando",PL,SC,56
204378,"Coronel Chrisóstomo",PL,RO,56
204514,"Coronel Tadeu",PL,SP,56
178963,"Covatti Filho",PP,RS,56
135054,"Cristiano Vale",PP,PA,56
204355,"Da Vitoria",PP,ES,56
141411,"Dagoberto Nogueira",PSDB,MS,56
74467,"Damião Feliciano",UNIÃO,PB,56
74060,"Daniel Almeida",PCdoB,BA,56
178916,"Daniel Coelho",CIDADANIA,PE,56
204367,"Daniel Freitas",PL,SC,56
204454,"Daniel Silveira",PTB,RJ,56
204409,"Daniel Trzeciak",PSDB,RS,56
204459,"Daniela do Waguinho",UNIÃO,RJ,56
160528,"Danilo Cabral",PSB,PE,56
62881,"Danilo Forte",UNIÃO,CE,56
160552,"Danrlei de Deus Hinterholz",PSD,RS,56
116379,"Darci de Matos",PSD,SC,56
73891,"Darcísio Perondi",MDB,RS,56
205548,"David Miranda",PDT,RJ,56
204511,"David Soares",UNIÃO,SP,56
204451,"Delegado Antônio Furtado",UNIÃO,RJ,56
178908,"Delegado Éder Mauro",PL,PA,56
204512,"Delegado Marcelo Freitas",UNIÃO,MG,56
204569,"Delegado Pablo",UNIÃO,AM,56
164359,"Delegado Waldir",UNIÃO,GO,56
204542,"Denis Bezerra",PSB,CE,56
213856,"Deuzinho Filho",REPUBLICANOS,CE,56
160588,"Diego Andrade",PSD,MG,56
178929,"Diego Garcia",REPUBLICANOS,PR,56
160599,"Dimas Fabiano",PP,MG,56
143632,"Domingos Neto",PSD,CE,56
160758,"Domingos Sávio",PL,MG,56
204450,"Doutor Luizinho",PP,RJ,56
213854,"Dr. Agripino Magalhães",UNIÃO,CE,56
204518,"Dr. Frederico",PATRIOTA,MG,56
212625,"Dr. Gonçalo",REPUBLICANOS,MA,56
204481,"Dr. Jaziel",PL,CE,56
213679,"Dr. João",PROS,BA,56
204439,"Dr. Leonardo",REPUBLICANOS,MT,56
204351,"Dr. Luiz Ovando",PP,MS,56
178830,"Dr. Sinval Malheiros",PODE,SP,56
204412,"Dr. Zacharias Calil",UNIÃO,GO,56
81297,"Dra. Soraya Manato",PTB,ES,56
204434,"Dra. Vanda Milani",PROS,AC,56
178994,"Dulce Miranda",MDB,TO,56
204562,"Edilázio Júnior",PSD,MA,56
141417,"Edio Lopes",PL,RR,56
134812,"Edmilson Rodrigues",PSOL,PA,56
204421,"Edna Henrique",REPUBLICANOS,PB,56
74655,"Eduardo Barbosa",PSDB,MG,56
204541,"Eduardo Bismarck",PDT,CE,56
92346,"Eduardo Bolsonaro",PL,SP,56
204552,"Eduardo Braide",PODE,MA,56
204500,"Eduardo Costa",PSD,PA,56
178977,"Eduardo Cury",PSDB,SP,56
141421,"Eduardo da Fonte",PP,PE,56
141422,"Efraim Filho",UNIÃO,PB,56
74075,"Elcione Barbalho",MDB,PA,56
154919,"Eleuses Paiva",PSD,SP,56
204364,"Eli Borges",PL,TO,56
160532,"Eli Corrêa Filho",UNIÃO,SP,56
204389,"Elias Vaz",PSB,GO,56
220008,"Eliza Virgínia",PP,PB,56
178854,"Elmar Nascimento",UNIÃO,BA,56
218086,"Ely Santos",REPUBLICANOS,SP,56
198783,"Emanuel Pinheiro Neto",MDB,MT,56
161550,"Emidinho Madeira",PL,MG,56
207309,"Enéias Reis",UNIÃO,MG,56
132504,"Enio Verri",PT,PR,56
204537,"Enrico Misasi",MDB,SP,56
160575,"Erika Kokay",PT,DF,56
160640,"Eros Biondini",PL,MG,56
204482,"Euclydes Pettersen",PSC,MG,56
178871,"Evair Vieira de Melo",PP,ES,56
178953,"Expedito Netto",PSD,RO,56
211866,"Fabiano Tolentino",CIDADANIA,MG,56
141428,"Fábio Faria",PP,RN,56
68720,"Fábio Henrique",UNIÃO,SE,56
178969,"Fábio Mitidieri",PSD,SE,56
141427,"Fábio Ramalho",MDB,MG,56
171623,"Fabio Reis",PSD,SE,56
204368,"Fabio Schiochet",UNIÃO,SC,56
160587,"Fábio Trad",PSD,MS,56
66828,"Fausto Pinato",PP,SP,56
204477,"Felício Laterça",PP,RJ,56
72442,"Felipe Carreras",PSB,PE,56
204398,"Felipe Francischini",UNIÃO,PR,56
204371,"Felipe Rigoni",UNIÃO,ES,56
160666,"Félix Mendonça Júnior",PDT,BA,56
204407,"Fernanda Melchionna",PSOL,RS,56
212504,"Fernando Borja",AVANTE,MG,56
141431,"Fernando Coelho Filho",UNIÃO,PE,56
204445,"Fernando Mineiro",PT,RN,56
92699,"Fernando Monteiro",PP,PE,56
204427,"Fernando Rodolfo",PL,PE,56
204411,"Filipe Barros",PL,PR,56
204354,"Flávia Arruda",PL,DF,56
160598,"Flávia Morais",PDT,GO,56
141434,"Flaviano Melo",MDB,AC,56
191923,"Flávio Nogueira",PT,PI,56
204447,Flordelis,PSD,RJ,56
204392,"Francisco Jr.",PSD,GO,56
204510,"Franco Cartafina",PP,MG,56
204494,"Fred Costa",PATRIOTA,MG,56
204393,"Frei Anastacio Ribeiro",PT,PB,56
74200,"Gastão Vieira",PROS,MA,56
115746,"Gelson Azevedo",PL,RJ,56
160669,"Genecias Noronha",PL,CE,56
204473,"General Girão",PL,RN,56
204484,"General Peternelli",UNIÃO,SP,56
204527,"Geninho Zuliani",UNIÃO,SP,56
178966,"Geovania de Sá",PSDB,SC,56
74374,"Geraldo Resende",PSDB,MS,56
204394,"Gervásio Maia",PSB,PB,56
74383,Giacobo,PL,PR,56
204575,"Gil Cutrim",REPUBLICANOS,MA,56
204491,"Gilberto Abramo",REPUBLICANOS,MG,56
74270,"Gilberto Nascimento",PSC,SP,56
204365,"Gilson Marques",NOVO,SC,56
160673,"Giovani Cherini",PL,RS,56
178996,"Giovani Feltes",MDB,RS,56
152605,"Glauber Braga",PSOL,RJ,56
204419,"Glaustin da Fokus",PSC,GO,56
107283,"Gleisi Hoffmann",PT,PR,56
74419,"Gonzaga Patriota",PSB,PE,56
129618,"Gorete Pereira",PL,CE,56
198197,"Greyce Elias",AVANTE,MG,56
204513,"Guiga Peixoto",PSC,SP,56
160667,"Guilherme Mussi",PP,SP,56
204442,Gurgel,PL,RJ,56
73460,"Gustavo Fruet",PDT,PR,56
204408,"Gustinho Ribeiro",REPUBLICANOS,SE,56
204456,"Gutemberg Reis",MDB,RJ,56
204465,"Haroldo Cathedral",PSD,RR,56
204548,"Heitor Freire",UNIÃO,CE,56
178964,"Heitor Schuch",PSB,RS,56
178873,"Helder Salomão",PT,ES,56
204373,"Hélio Costa",PSD,SC,56
178909,"Hélio Leite",UNIÃO,PA,56
204444,"Helio Lopes",PL,RJ,56
217036,"Henrique do Paraíso",REPUBLICANOS,SP,56
73482,"Henrique Fontana",PT,RS,56
204539,"Hercílio Coelho Diniz",MDB,MG,56
178981,"Herculano Passos",REPUBLICANOS,SP,56
73772,"Hermes Parcianello",MDB,PR,56
178884,"Hildo Rocha",MDB,MA,56
178959,"Hiran Gonçalves",PP,RR,56
141450,"Hugo Leal",PSD,RJ,56
160674,"Hugo Motta",REPUBLICANOS,PB,56
204533,"Idilvan Alencar",PDT,CE,56
204564,"Igor Kannário",UNIÃO,BA,56
204508,"Igor Timo",PODE,MG,56
67138,"Iracema Portella",PP,PI,56
204436,"Isnaldo Bulhões Jr.",MDB,AL,56
73531,"Ivan Valente",PSOL,SP,56
74848,"Jandira Feghali",PCdoB,RJ,56
108338,"Jaqueline Cassol",PP,RO,56
160672,"Jean Wyllys",PSOL,RJ,56
74273,"Jefferson Campos",PL,SP,56
160570,"Jerônimo Goergen",PP,RS,56
178839,"Jéssica Sales",MDB,AC,56
204435,"Jesus Sérgio",PDT,AC,56
178842,Jhc,PSB,AL,56
160531,"Jhonatan de Jesus",REPUBLICANOS,RR,56
74366,"João Campos",REPUBLICANOS,GO,56
141458,"João Carlos Bacelar",PL,BA,56
178970,"João Daniel",PT,SE,56
204429,"João H. Campos",PSB,PE,56
141459,"João Maia",PL,RN,56
112437,"João Marcelo Souza",MDB,MA,56
204576,"João Roma",PL,BA,56
178910,"Joaquim Passarinho",PL,PA,56
214865,"Joceval Rodrigues",CIDADANIA,BA,56
204468,"Joenia Wapichana",REDE,RR,56
204546,"Joice Hasselmann",PSDB,SP,56
217480,"Jones Moura",PSD,RJ,56
205550,"Jorge Braz",REPUBLICANOS,RJ,56
214694,"Jorge Goetten",PL,SC,56
178857,"Jorge Solla",PT,BA,56
218245,Jorielson,PL,AP,56
141464,"José Airton Félix Cirilo",PT,CE,56
141470,"José Guimarães",PT,CE,56
204386,"Jose Mario Schreiner",MDB,GO,56
204472,"José Medeiros",PL,MT,56
204391,"José Nelto",PP,GO,56
160619,"José Nunes",PSD,BA,56
74079,"José Priante",MDB,PA,56
204555,"José Ricardo",PT,AM,56
74554,"José Rocha",UNIÃO,BA,56
209189,"Joseildo Ramos",PT,BA,56
74141,"Josias Gomes",PT,BA,56
204563,"Josimar Maranhãozinho",PL,MA,56
215043,"Josivaldo JP",PSD,MA,56
204474,"Juarez Costa",MDB,MT,56
204420,"Julian Lemos",UNIÃO,PB,56
74317,"Júlio Cesar",PSD,PI,56
204372,"Julio Cesar Ribeiro",REPUBLICANOS,DF,56
73586,"Júlio Delgado",PV,MG,56
74253,"Julio Lopes",PP,RJ,56
204457,"Juninho do Pneu",UNIÃO,RJ,56
204520,"Junio Amaral",PL,MG,56
204497,"Júnior Ferrari",PSD,PA,56
204574,"Junior Lourenço",PL,MA,56
204550,"Júnior Mano",PL,CE,56
178886,"Juscelino Filho",UNIÃO,MA,56
204536,"Kim Kataguiri",UNIÃO,SP,56
151208,"Laercio Oliveira",PP,SE,56
141478,"Laerte Bessa",PL,DF,56
98057,"Lafayette de Andrada",REPUBLICANOS,MG,56
74856,"Laura Carneiro",UNIÃO,RJ,56
160534,Lauriete,PSC,ES,56
141480,"Lázaro Botelho",PP,TO,56
178832,Leandre,PSD,PR,56
204375,"Leda Sadala",PP,AP,56
178825,"Leo de Brito",PT,AC,56
204359,"Léo Moraes",PODE,RO,56
204547,"Léo Motta",REPUBLICANOS,MG,56
122195,"Leonardo Gadelha",PSC,PB,56
74156,"Leonardo Monteiro",PT,MG,56
74254,"Leonardo Picciani",MDB,RJ,56
74299,"Leônidas Cristino",PDT,CE,56
92102,"Leur Lomanto Júnior",UNIÃO,BA,56
139285,"Lídice da Mata",PSB,BA,56
74585,"Lincoln Portela",PL,MG,56
204405,"Liziane Bayer",REPUBLICANOS,RS,56
204382,"Loester Trutis",PL,MS,56
196358,"Lourival Gomes",PP,RJ,56
219592,"Lucas Follador",PSC,RO,56
204523,"Lucas Gonzalez",NOVO,MG,56
204404,"Lucas Redecker",PSDB,RS,56
178879,"Lucas Vergilio",SOLIDARIEDADE,GO,56
74478,"Luciano Bivar",UNIÃO,PE,56
178931,"Luciano Ducci",PSB,PR,56
178954,"Lucio Mosquini",MDB,RO,56
204381,"Luis Miranda",REPUBLICANOS,DF,56
160510,"Luis Tibé",AVANTE,MG,56
204410,"Luisa Canziani",PSD,PR,56
204448,"Luiz Antônio Corrêa",PP,RJ,56
160645,"Luiz Carlos",PSDB,AP,56
204485,"Luiz Carlos Motta",PL,SP,56
204543,"Luiz Flávio Gomes",PSB,SP,56
178982,"Luiz Lauro Filho",PSDB,SP,56
204455,"Luiz Lima",PL,RJ,56
162332,"Luiz Nishimori",PSD,PR,56
204526,"Luiz Philippe de Orleans e Bragança",PL,SP,56
74784,"Luiza Erundina",PSOL,SP,56
204418,"Luizão Goulart",SOLIDARIEDADE,PR,56
178866,"Luizianne Lins",PT,CE,56
166402,"Magda Mofatto",PL,GO,56
204458,"Major Fabiana",PL,RJ,56
179587,"Major Vitor Hugo",PL,GO,56
141490,"MANOEL JUNIOR",PSC,PB,56
204469,"Manuel Marcos",REPUBLICANOS,AC,56
204471,"Mara Rocha",MDB,AC,56
212749,"Marcão Gomes",PL,RJ,56
156190,"Marcel van Hattem",NOVO,RS,56
179000,"Marcelo Álvaro Antônio",PL,MG,56
146788,"Marcelo Aro",PP,MG,56
205863,"Marcelo Brum",REPUBLICANOS,RS,56
204433,"Marcelo Calero",PSD,RJ,56
76874,"Marcelo Freixo",PSB,RJ,56
133810,"Marcelo Moraes",PL,RS,56
204558,"Marcelo Nilo",REPUBLICANOS,BA,56
204556,"Marcelo Ramos",PSD,AM,56
118594,"Marcelo Squassoni",REPUBLICANOS,SP,56
178983,"Marcio Alvino",PL,SP,56
179001,"Márcio Biolchi",MDB,RS,56
81055,"Márcio Jerry",PCdoB,MA,56
204452,"Márcio Labre",PL,RJ,56
160542,"Márcio Macêdo",PT,SE,56
150418,"Márcio Marinho",REPUBLICANOS,BA,56
204522,"Marco Bertaiolli",PSD,SP,56
219585,"Marco Brasil",PP,PR,56
160536,"MARCO TEBALDI",PSDB,SC,56
160535,Marcon,PT,RS,56
204431,"Marcos Aurélio Sampaio",PSD,PI,56
204506,"Marcos Pereira",REPUBLICANOS,SP,56
178943,"Marcos Soares",UNIÃO,RJ,56
159238,"Marcus Pestana",PSDB,MG,56
204430,"Margarete Coelho",PP,PI,56
171619,"Margarida Salomão",PT,MG,56
74398,"Maria do Rosário",PT,RS,56
204540,"Maria Rosas",REPUBLICANOS,SP,56
178956,"Mariana Carvalho",REPUBLICANOS,RO,56
204428,"Marília Arraes",SOLIDARIEDADE,PE,56
204432,"Marina Santos",REPUBLICANOS,PI,56
74158,"Mário Heringer",PDT,MG,56
178858,"Mário Negromonte Jr.",PP,BA,56
204403,"Marlon Santos",PL,RS,56
204566,"Marreca Filho",PATRIOTA,MA,56
178843,"Marx Beltrão",PP,AL,56
75431,"Maurício Dziedricki",PODE,RS,56
204486,"Mauro Benevides Filho",PDT,CE,56
74749,"Mauro Lopes",PP,MG,56
141508,"Mauro Nazif",PSB,RO,56
188097,"Merlong Solano",PT,PI,56
178984,"Miguel Haddad",PSDB,SP,56
178985,"Miguel Lombardi",PL,SP,56
92172,"Milton Coelho",PSB,PE,56
154178,"Milton Vieira",REPUBLICANOS,SP,56
178895,"Misael Varella",PSD,MG,56
160561,"MISSIONÁRIO JOSÉ OLIMPIO",UNIÃO,SP,56
178997,"Moses Rodrigues",UNIÃO,CE,56
204453,"Natália Bonavides",PT,RN,56
218879,"Nelho Bezerra",UNIÃO,CE,56
204449,"Nelson Barbudo",PL,MT,56
74571,"Nelson Pellegrino",PT,BA,56
204415,"Nereu Crispim",PSD,RS,56
146307,"Neri Geller",PP,MT,56
74165,"Neucimar Fraga",PP,ES,56
178896,"Newton Cardoso Jr",MDB,MG,56
204384,"Ney Leprevost",UNIÃO,PR,56
204479,Nicoletti,UNIÃO,RR,56
214445,"Nilson F. Stainsack",PP,SC,56
74352,"Nilson Pinto",PSDB,PA,56
178986,"Nilto Tatto",PT,SP,56
194260,"Nivaldo Albuquerque",REPUBLICANOS,AL,56
66179,"Norma Ayub",PP,ES,56
216198,"Norma Pereira",PSDB,SC,56
74159,"Odair Cunha",PT,MG,56
178868,"Odorico Monteiro",PSB,CE,56
204498,"Olival Marques",MDB,PA,56
74399,"Onyx Lorenzoni",PL,RS,56
178987,"Orlando Silva",PCdoB,SP,56
204363,"Osires Damaso",PSC,TO,56
73463,"Osmar Serraglio",PP,PR,56
73692,"Osmar Terra",MDB,RS,56
204422,"Ossesio Silva",REPUBLICANOS,PE,56
141515,"Otavio Leite",PSDB,RJ,56
204441,"Otoni de Paula",MDB,RJ,56
204475,"Ottaci Nascimento",SOLIDARIEDADE,RR,56
204573,"Otto Alencar Filho",PSD,BA,56
160556,"Padre João",PT,MG,56
74319,"Paes Landim",UNIÃO,PI,56
160642,"Pastor Eurico",PL,PE,56
204570,"Pastor Gil",PL,MA,56
204553,"Pastor Sargento Isidório",AVANTE,BA,56
205535,"Patricia Ferraz",PODE,AP,56
218741,"Patrick Dorneles",PSD,PB,56
74160,"Patrus Ananias",PT,MG,56
204377,"Paula Belmonte",CIDADANIA,DF,56
171617,Paulão,PT,AL,56
141518,"Paulinho da Força",SOLIDARIEDADE,SP,56
141516,"Paulo Abi-Ackel",PSDB,MG,56
178860,"Paulo Azi",UNIÃO,BA,56
204538,"Paulo Bengtson",PTB,PA,56
193726,"Paulo Eduardo Martins",PL,PR,56
160517,"Paulo Foletto",PSB,ES,56
160558,"Paulo Freire Costa",PL,SP,56
204461,"Paulo Ganime",NOVO,RJ,56
204492,"Paulo Guedes",PT,MG,56
74574,"Paulo Magalhães",PSD,BA,56
128760,"Paulo Marinho Jr",PL,MA,56
74400,"Paulo Pimenta",PT,RS,56
133968,"Paulo Ramos",PDT,RJ,56
141488,"Paulo Teixeira",PT,SP,56
216544,"Paulo Vicente Caleffi",PSD,RS,56
90201,"Pedro Augusto Bezerra",PDT,CE,56
215045,"Pedro Augusto Palareti",PP,RJ,56
178912,"Pedro Cunha Lima",PSDB,PB,56
217330,"Pedro Dalua",PSC,AP,56
122974,"Pedro Lucas Fernandes",UNIÃO,MA,56
204395,"Pedro Lupion",PP,PR,56
122158,"Pedro Paulo",PSD,RJ,56
160604,"Pedro Uczai",PT,SC,56
178844,"Pedro Vilela",PSDB,AL,56
204406,"Pedro Westphalen",PP,RS,56
73943,"Perpétua Almeida",PCdoB,AC,56
204524,Pinheirinho,PP,MG,56
204529,"Policial Katia Sastre",PL,SP,56
73486,"Pompeo de Mattos",PDT,RS,56
160601,"Pr. Marco Feliciano",PL,SP,56
204390,"Professor Alcides",PL,GO,56
204383,"Professor Israel Batista",PSB,DF,56
204446,"Professor Joziel",PATRIOTA,RJ,56
204565,"Professora Dayane Pimentel",UNIÃO,BA,56
160639,"Professora Dorinha Seabra Rezende",UNIÃO,TO,56
160641,"Professora Marcivania",PCdoB,AP,56
204467,"Professora Rosa Neide",PT,MT,56
215361,"Rachel Marques",PT,CE,56
178951,"Rafael Motta",PSB,RN,56
216313,Rafafá,PSDB,PB,56
204567,"Raimundo Costa",PODE,BA,56
141523,"Raul Henry",MDB,PE,56
74161,"Reginaldo Lopes",PT,MG,56
205865,"Reinhold Stephanes Junior",PSD,PR,56
178925,"Rejane Dias",PT,PI,56
178989,"Renata Abreu",PODE,SP,56
73801,"Renildo Calheiros",PCdoB,PE,56
73788,"Ricardo Barros",PP,PR,56
215042,"Ricardo da Karol",PDT,RJ,56
204362,"Ricardo Guidi",PSD,SC,56
160655,"Ricardo Izar",REPUBLICANOS,SP,56
211649,"Ricardo Pericar",UNIÃO,RJ,56
213274,"Ricardo Silva",PSD,SP,56
178920,"Ricardo Teobaldo",PODE,PE,56
204489,"Robério Monteiro",PDT,CE,56
152610,"Roberto Alves",REPUBLICANOS,SP,56
73674,"ROBERTO BALESTRA",PP,GO,56
160653,"Roberto de Lucena",REPUBLICANOS,SP,56
74305,"Roberto Pessoa",PSDB,CE,56
204530,"Rodrigo Agostinho",PSB,SP,56
204366,"Rodrigo Coelho",PODE,SC,56
141531,"Rodrigo de Castro",UNIÃO,MG,56
74693,"Rodrigo Maia",S.PART.,RJ,56
204480,"Rogério Correia",PT,MG,56
160651,"Rogério Peninha Mendonça",MDB,SC,56
178930,Roman,PP,PR,56
178861,"Ronaldo Carletto",PP,BA,56
122466,"Ronaldo Martins",REPUBLICANOS,CE,56
204525,"Rosana Valle",PL,SP,56
178945,"Rosangela Gomes",REPUBLICANOS,RJ,56
204357,"Rose Modesto",UNIÃO,MS,56
178935,Rossoni,PSDB,PR,56
214477,"RRenato Queiroz",PSD,RR,56
73466,"Rubens Bueno",CIDADANIA,PR,56
74371,"Rubens Otoni",PT,GO,56
178887,"Rubens Pereira Júnior",PT,MA,56
73604,"Rui Falcão",PT,SP,56
160635,"Ruy Carneiro",PSC,PB,56
204535,"Sâmia Bomfim",PSOL,SP,56
178990,"Samuel Moreira",PSDB,SP,56
204416,Sanderson,PL,RS,56
160621,"Sandro Alex",PSD,PR,56
90842,Santini,PTB,RS,56
219599,"Sargento Alexandre",PODE,SP,56
204387,"Sargento Fahur",PSD,PR,56
204399,Schiavinato,PP,PR,56
178921,"Sebastião Oliveira",AVANTE,PE,56
73808,"Sérgio Brito",PSD,BA,56
178933,"Sergio Souza",MDB,PR,56
204438,"Sergio Toledo",PV,AL,56
178874,"Sergio Vidigal",PDT,ES,56
167614,"SEVERINO NINHO",PSB,PE,56
204437,"Severino Pessoa",MDB,AL,56
178961,Shéridan,PSDB,RR,56
204557,"Sidney Leite",PSD,AM,56
74356,"Silas Câmara",REPUBLICANOS,AM,56
204360,"Silvia Cristina",PL,RO,56
204425,"Silvio Costa Filho",REPUBLICANOS,PE,56
73424,"SIMÃO SESSIM",PP,RJ,56
168175,"Simplício Araújo",SOLIDARIEDADE,MA,56
178946,"Soraya Santos",PL,RJ,56
178947,"Sóstenes Cavalcante",PL,RJ,56
92776,"Stefano Aguiar",PSD,MG,56
177282,"Subtenente Gonzaga",PSD,MG,56
204534,"Tabata Amaral",PSB,SP,56
178922,"Tadeu Alencar",PSB,PE,56
74806,"Tadeu Filippelli",MDB,DF,56
204464,"Talíria Petrone",PSOL,RJ,56
206231,"Ted Conti",PSB,ES,56
178901,"Tereza Cristina",PP,MS,56
204466,"Tereza Nelma",PSD,AL,56
178862,"Tia Eron",REPUBLICANOS,BA,56
219568,"Tiago Andrino",PSB,TO,56
143084,"Tiago Dimas",PODE,TO,56
204519,"Tiago Mitraud",NOVO,MG,56
160976,Tiririca,PL,SP,56
197438,Tito,AVANTE,BA,56
178934,"Toninho Wandscheer",PROS,PR,56
216545,"Totonho Lopes",PDT,CE,56
157130,"Túlio Gadêlha",REDE,PE,56
178863,"Uldurico Junior",MDB,BA,56
195866,"Vaidon Oliveira",UNIÃO,CE,56
204385,"Valdevan Noventa",PL,SE,56
74010,"VALDIR COLATTO",MDB,SC,56
160610,"Valmir Assunção",PT,BA,56
141552,"Valtenir Pereira",MDB,MT,56
74376,"Vander Loubet",PT,MS,56
141553,"Vanderlei Macris",PSDB,SP,56
204505,"Vavá Martins",REPUBLICANOS,PA,56
204396,Vermelho,PL,PR,56
74283,Vicentinho,PT,SP,56
137070,"Vicentinho Júnior",PP,TO,56
178888,"Victor Mendes",MDB,MA,56
204483,"Vilson da Fetaemg",PSB,MG,56
141555,"Vinicius Carvalho",REPUBLICANOS,SP,56
204478,"Vinicius Farah",UNIÃO,RJ,56
160591,"Vinicius Gurgel",PL,AP,56
204532,"Vinicius Poit",NOVO,SP,56
178992,"Vitor Lippi",PSDB,SP,56
215044,"Vivi Reis",PSOL,PA,56
204443,"Wagner Montes",REPUBLICANOS,RJ,56
160569,"Waldenor Pereira",PT,BA,56
178952,"Walter Alves",MDB,RN,56
160518,"Weliton Prado",PROS,MG,56
74043,"Wellington Roberto",PL,PB,56
74044,"Wilson Santiago",REPUBLICANOS,PB,56
204463,"Wladimir Garotinho",PSD,RJ,56
74439,"Wolney Queiroz",PDT,PE,56
191945,"Zé Augusto Nalin",UNIÃO,RJ,56
178889,"Zé Carlos",PT,MA,56
204559,"Zé Neto",PT,BA,56
160632,"Zé Silva",SOLIDARIEDADE,MG,56
204517,"Zé Vitor",PL,MG,56
160592,"Zeca Dirceu",PT,PR,56
