"","ano","mes","legislatura","anolegislatura","uf","partido","tipo","representatividade","distancia","vagas","eleitores","cota","valor","quantidade","orig.id"
"189181","2015","2","55","1","SP","PSDB","ASSINATURA DE PUBLICAÇÕES",54,873,70,31998432,36671.67,299.4,1,"2012"
"66154","2015","2","55","1","MG","PSDB","FORNECIMENTO DE ALIMENTAÇÃO DO PARLAMENTAR",54,624,53,15248681,35720.85,1025.58,26,"746"
"11488","2015","2","55","1","AM","PDT","TELEFONIA",20,1932,8,2226891,43198.26,421.5,4,"109"
"38450","2015","2","55","1","CE","PROS","MANUTENÇÃO DE ESCRITÓRIO",11,1687,22,6271554,42079.91,3288.39,4,"429"
"34394","2015","2","55","1","CE","PP","LOCAÇÃO DE AUTOMÓVEIS",38,1687,22,6271554,42079.91,10000,1,"348"
"153607","2015","2","55","1","RO","PSD","DIVULGAÇÃO MANDATO",36,1900,8,1127154,43300.63,22500,7,"1674"
"79112","2015","2","55","1","MG","PP","SERVIÇO DE TÁXI, PEDÁGIO E ESTACIONAMENTO",38,624,53,15248681,35720.85,686.07,26,"848"
"56133","2015","2","55","1","MA","DEM","MANUTENÇÃO DE ESCRITÓRIO",21,1524,18,4497336,41779.83,527.95,1,"616"
"35211","2015","3","55","1","CE","PSDB","COMBUSTÍVEIS E LUBRIFICANTES",54,1687,22,6271554,42079.91,3310.46,34,"407"
"117176","2015","3","55","1","PI","PODEMOS","TELEFONIA",9,1313,10,2345694,40599.91,629.64,5,"1400"
"79282","2015","3","55","1","MG","PP","LOCAÇÃO DE AUTOMÓVEIS",38,624,53,15248681,35720.85,33843.32,12,"940"
"21187","2015","3","55","1","BA","MDB","TELEFONIA",65,1060,39,10185417,38638.99,1494.07,10,"239"
"80180","2015","3","55","1","MS","PSB","ASSESSORIA TÉCNICA/JURÍDICA",34,878,8,1818937,40170.98,11576,2,"947"
"34312","2015","3","55","1","CE","PL","FORNECIMENTO DE ALIMENTAÇÃO DO PARLAMENTAR",34,1687,22,6271554,42079.91,92.13,2,"395"
"63740","2015","3","55","1","MG","PL","DIVULGAÇÃO MANDATO",34,624,53,15248681,35720.85,79432.59,6,"785"
"196833","2015","3","55","1","SP","PSC","MANUTENÇÃO DE ESCRITÓRIO",13,873,70,31998432,36671.67,6970.85,7,"2304"
"11721","2015","3","55","1","AM","PSDB","LOCAÇÃO DE AUTOMÓVEIS",54,1932,8,2226891,43198.26,2538,1,"121"
"197300","2015","4","55","1","SP","CIDADANIA","LOCAÇÃO DE AUTOMÓVEIS",10,873,70,31998432,36671.67,4500,1,"2328"
"156243","2015","4","55","1","RR","PP","TELEFONIA",38,2496,8,299558,45240.67,436.97,7,"1894"
"20965","2015","4","55","1","BA","PT","SERVIÇO DE SEGURANÇA PRESTADO POR EMPRESA ESPECIALIZADA.",68,1060,39,10185417,38638.99,12800,2,"227"
"196910","2015","4","55","1","SP","PODEMOS","SERVIÇOS POSTAIS",9,873,70,31998432,36671.67,722.16,20,"2320"
"195932","2015","4","55","1","SP","PTB","PASSAGEM AÉREA",25,873,70,31998432,36671.67,7014.33,13,"2301"
"32439","2015","4","55","1","CE","PDT","PASSAGEM AÉREA",20,1687,22,6271554,42079.91,45926.28,107,"348"
"197928","2015","4","55","1","SP","PCdoB","MANUTENÇÃO DE ESCRITÓRIO",10,873,70,31998432,36671.67,5741.23,4,"2343"
"65590","2015","4","55","1","MG","MDB","SERVIÇO DE TÁXI, PEDÁGIO E ESTACIONAMENTO",65,624,53,15248681,35720.85,151,1,"816"
"60826","2015","4","55","1","MA","DEM","SERVIÇOS POSTAIS",21,1524,18,4497336,41779.83,120.55,2,"779"
"41237","2015","5","55","1","DF","PL","COMBUSTÍVEIS E LUBRIFICANTES",34,0,8,1897677,30416.8,4060.23,19,"508"
"116515","2015","5","55","1","PI","PSD","DIVULGAÇÃO MANDATO",36,1313,10,2345694,40599.91,6500,2,"1421"
"44205","2015","5","55","1","ES","PCdoB","MANUTENÇÃO DE ESCRITÓRIO",10,947,10,2653536,37052.05,1084.08,3,"556"
"147462","2015","5","55","1","RN","PODEMOS","LOCAÇÃO DE AUTOMÓVEIS",9,1775,8,2327451,42360.13,12230,2,"1822"
"81397","2015","5","55","1","MS","DEM","HOSPEDAGEM ,EXCETO DO PARLAMENTAR NO DISTRITO FEDERAL.",21,878,8,1818937,40170.98,566,1,"996"
"196155","2015","5","55","1","SP","PT","PASSAGEM AÉREA",68,873,70,31998432,36671.67,112016.2,213,"2346"
"82847","2015","5","55","1","MS","PT","DIVULGAÇÃO MANDATO",68,878,8,1818937,40170.98,42000.08,11,"1005"
"11725","2015","5","55","1","AM","DEM","ASSESSORIA TÉCNICA/JURÍDICA",21,1932,8,2226891,43198.26,3000,1,"130"
"167505","2015","5","55","1","RS","REPUBLICANOS","COMBUSTÍVEIS E LUBRIFICANTES",21,1619,31,8392033,40504.04,4726.43,43,"2090"
"194509","2015","6","55","1","SP","CIDADANIA","HOSPEDAGEM ,EXCETO DO PARLAMENTAR NO DISTRITO FEDERAL.",10,873,70,31998432,36671.67,661.5,1,"2293"
"15603","2015","6","55","1","AP","PSD","TELEFONIA",36,1791,8,455514,43002.92,481.53,8,"187"
"153419","2015","6","55","1","RO","REPUBLICANOS","MANUTENÇÃO DE ESCRITÓRIO",21,1900,8,1127154,43300.63,4312,2,"1864"
"57259","2015","6","55","1","MA","PCdoB","MANUTENÇÃO DE ESCRITÓRIO",10,1524,18,4497336,41779.83,4083.15,3,"711"
"20611","2015","6","55","1","BA","PL","PASSAGEM AÉREA",34,1060,39,10185417,38638.99,15258.15,109,"225"
"205062","2015","6","55","1","TO","PROS","COMBUSTÍVEIS E LUBRIFICANTES",11,620,8,996887,39131.75,4523.38,9,"2450"
"199202","2015","6","55","1","SP","DEM","TELEFONIA",21,873,70,31998432,36671.67,10589.61,66,"2390"
"163974","2015","6","55","1","RS","PDT","PASSAGEM AÉREA",20,1619,31,8392033,40504.04,3641.28,14,"2001"
"156148","2015","6","55","1","RR","PL","DIVULGAÇÃO MANDATO",34,2496,8,299558,45240.67,1688,3,"1905"
"177483","2015","7","55","1","SC","MDB","ASSESSORIA TÉCNICA/JURÍDICA",65,1314,16,4859324,39505.92,13655.5,4,"2096"
"134811","2015","7","55","1","RJ","PSOL","SERVIÇO DE TÁXI, PEDÁGIO E ESTACIONAMENTO",5,933,46,12141145,35388.11,50,2,"1652"
"125836","2015","7","55","1","PR","PSC","SERVIÇOS POSTAIS",13,1081,30,7865950,38500,552.77,8,"1565"
"54127","2015","7","55","1","GO","SOLIDARIEDADE","ASSESSORIA TÉCNICA/JURÍDICA",15,173,17,4331733,35135.2,15000,1,"663"
"55919","2015","7","55","1","MA","PDT","COMBUSTÍVEIS E LUBRIFICANTES",20,1524,18,4497336,41779.83,4529.19,8,"700"
"181278","2015","7","55","1","SE","REPUBLICANOS","COMBUSTÍVEIS E LUBRIFICANTES",21,1292,8,1454165,39767.4,1042.3,10,"2160"
"127812","2015","7","55","1","PR","PSD","HOSPEDAGEM ,EXCETO DO PARLAMENTAR NO DISTRITO FEDERAL.",36,1081,30,7865950,38500,1275.9,7,"1598"
"138061","2015","7","55","1","RJ","DEM","LOCAÇÃO DE AUTOMÓVEIS",21,933,46,12141145,35388.11,27815.7,8,"1717"
"36964","2015","7","55","1","CE","PCdoB","TELEFONIA",10,1687,22,6271554,42079.91,3312.33,19,"443"
"189762","2015","8","55","1","SP","PT","MANUTENÇÃO DE ESCRITÓRIO",68,873,70,31998432,36671.67,56939.94,46,"2305"
"80975","2015","8","55","1","MS","PT","FORNECIMENTO DE ALIMENTAÇÃO DO PARLAMENTAR",68,878,8,1818937,40170.98,810.8,15,"989"
"166361","2015","8","55","1","RS","PTB","HOSPEDAGEM ,EXCETO DO PARLAMENTAR NO DISTRITO FEDERAL.",25,1619,31,8392033,40504.04,3640,9,"2075"
"159697","2015","8","55","1","RR","MDB","TELEFONIA",65,2496,8,299558,45240.67,2557.75,9,"1954"
"110112","2015","8","55","1","PE","PATRIOTA","TELEFONIA",5,1657,25,6356307,41304.94,2286.51,9,"1305"
"15021","2015","8","55","1","AP","PODEMOS","MANUTENÇÃO DE ESCRITÓRIO",9,1791,8,455514,43002.92,3185,3,"182"
"64744","2015","8","55","1","MG","PDT","ASSESSORIA TÉCNICA/JURÍDICA",20,624,53,15248681,35720.85,500,1,"820"
"54600","2015","8","55","1","GO","PP","TELEFONIA",38,173,17,4331733,35135.2,5790.26,41,"689"
"162871","2015","8","55","1","RS","PSDB","HOSPEDAGEM ,EXCETO DO PARLAMENTAR NO DISTRITO FEDERAL.",54,1619,31,8392033,40504.04,446.4,2,"1999"
"178094","2015","9","55","1","SC","MDB","PASSAGEM AÉREA",65,1314,16,4859324,39505.92,50611.07,133,"2179"
"181708","2015","9","55","1","SE","PL","TELEFONIA",34,1292,8,1454165,39767.4,818.93,6,"2238"
"59957","2015","9","55","1","MA","PTB","FORNECIMENTO DE ALIMENTAÇÃO DO PARLAMENTAR",25,1524,18,4497336,41779.83,22.53,1,"797"
"8128","2015","9","55","1","AL","AVANTE","SERVIÇOS POSTAIS",2,1485,9,1995727,40572.24,36.4,2,"95"
"54508","2015","9","55","1","GO","PSL","SERVIÇOS POSTAIS",1,173,17,4331733,35135.2,216.02,6,"687"
"53230","2015","9","55","1","GO","CIDADANIA","TELEFONIA",10,173,17,4331733,35135.2,983.91,6,"662"
"7467","2015","9","55","1","AL","PDT","PASSAGEM AÉREA",20,1485,9,1995727,40572.24,14006.44,26,"79"
"79437","2015","9","55","1","MG","PROS","SERVIÇOS POSTAIS",11,624,53,15248681,35720.85,1996.4,22,"982"
"177643","2015","9","55","1","SC","PP","COMBUSTÍVEIS E LUBRIFICANTES",38,1314,16,4859324,39505.92,1976.66,15,"2169"
"55051","2015","10","55","1","GO","SOLIDARIEDADE","MANUTENÇÃO DE ESCRITÓRIO",15,173,17,4331733,35135.2,4901.74,4,"677"
"111908","2015","10","55","1","PE","PTB","MANUTENÇÃO DE ESCRITÓRIO",25,1657,25,6356307,41304.94,10038.79,7,"1332"
"57444","2015","10","55","1","MA","PP","SERVIÇOS POSTAIS",38,1524,18,4497336,41779.83,146.73,3,"714"
"69035","2015","10","55","1","MG","PSL","ASSESSORIA TÉCNICA/JURÍDICA",1,624,53,15248681,35720.85,8000,2,"869"
"205000","2015","10","55","1","TO","REPUBLICANOS","MANUTENÇÃO DE ESCRITÓRIO",21,620,8,996887,39131.75,1550,2,"2471"
"77988","2015","10","55","1","MG","MDB","TELEFONIA",65,624,53,15248681,35720.85,22906.68,93,"912"
"193416","2015","10","55","1","SP","PP","MANUTENÇÃO DE ESCRITÓRIO",38,873,70,31998432,36671.67,38392.49,11,"2299"
"60837","2015","10","55","1","MA","PODEMOS","COMBUSTÍVEIS E LUBRIFICANTES",9,1524,18,4497336,41779.83,1068.14,10,"786"
"133684","2015","10","55","1","RJ","PTB","COMBUSTÍVEIS E LUBRIFICANTES",25,933,46,12141145,35388.11,5578.85,17,"1652"
"65881","2015","11","55","1","MG","PCdoB","TELEFONIA",10,624,53,15248681,35720.85,3830.88,29,"824"
"194383","2015","11","55","1","SP","CIDADANIA","SERVIÇO DE TÁXI, PEDÁGIO E ESTACIONAMENTO",10,873,70,31998432,36671.67,222.2,1,"2265"
"200","2015","11","55","1","AC","MDB","MANUTENÇÃO DE ESCRITÓRIO",65,2246,8,506724,44260.6,4838.55,5,"4"
"122238","2015","11","55","1","PR","CIDADANIA","COMBUSTÍVEIS E LUBRIFICANTES",10,1081,30,7865950,38500,1258.06,9,"1493"
"53663","2015","11","55","1","GO","PL","SERVIÇO DE TÁXI, PEDÁGIO E ESTACIONAMENTO",34,173,17,4331733,35135.2,1665.5,15,"644"
"84700","2015","11","55","1","MT","MDB","HOSPEDAGEM ,EXCETO DO PARLAMENTAR NO DISTRITO FEDERAL.",65,873,8,2189703,39056.17,176,1,"1013"
"193679","2015","11","55","1","SP","PODEMOS","SERVIÇO DE TÁXI, PEDÁGIO E ESTACIONAMENTO",9,873,70,31998432,36671.67,1162.71,68,"2244"
"23515","2015","11","55","1","BA","MDB","SERVIÇOS POSTAIS",65,1060,39,10185417,38638.99,115.36,2,"269"
"12667","2015","11","55","1","AM","DEM","LOCAÇÃO OU FRETAMENTO DE AERONAVES",21,1932,8,2226891,43198.26,4000,1,"145"
"78144","2015","12","55","1","MG","PP","HOSPEDAGEM ,EXCETO DO PARLAMENTAR NO DISTRITO FEDERAL.",38,624,53,15248681,35720.85,1392.7,5,"877"
"113431","2015","12","55","1","PE","PDT","COMBUSTÍVEIS E LUBRIFICANTES",20,1657,25,6356307,41304.94,8717.36,9,"1272"
"205364","2015","12","55","1","TO","PL","TELEFONIA",34,620,8,996887,39131.75,1845.47,10,"2307"
"53176","2015","12","55","1","GO","PP","SERVIÇOS POSTAIS",38,173,17,4331733,35135.2,2257.02,18,"605"
"5064","2015","12","55","1","AL","PDT","SERVIÇO DE TÁXI, PEDÁGIO E ESTACIONAMENTO",20,1485,9,1995727,40572.24,400,4,"60"
"96326","2015","12","55","1","PA","PSC","HOSPEDAGEM ,EXCETO DO PARLAMENTAR NO DISTRITO FEDERAL.",13,1592,17,5188450,41855.59,115,1,"1082"
"199365","2015","12","55","1","SP","PT","ASSESSORIA TÉCNICA/JURÍDICA",68,873,70,31998432,36671.67,68175.8,6,"2262"
"2644","2015","12","55","1","AC","DEM","LOCAÇÃO DE AUTOMÓVEIS",21,2246,8,506724,44260.6,2266.01,1,"17"
"53379","2015","12","55","1","GO","PP","SERVIÇO DE TÁXI, PEDÁGIO E ESTACIONAMENTO",38,173,17,4331733,35135.2,63.6,7,"610"
"179343","2016","1","55","2","SC","PP","COMBUSTÍVEIS E LUBRIFICANTES",38,1314,16,4859324,39505.92,2659.03,7,"1906"
"7717","2016","1","55","2","AL","PSDB","COMBUSTÍVEIS E LUBRIFICANTES",54,1485,9,1995727,40572.24,3430.79,25,"76"
"116000","2016","1","55","2","PI","PSB","SERVIÇOS POSTAIS",34,1313,10,2345694,40599.91,339.28,5,"1234"
"42851","2016","1","55","2","ES","PDT","PASSAGEM AÉREA",20,947,10,2653536,37052.05,326.4,2,"474"
"159499","2016","1","55","2","RR","PP","SERVIÇO DE SEGURANÇA PRESTADO POR EMPRESA ESPECIALIZADA.",38,2496,8,299558,45240.67,4000,1,"1706"
"52511","2016","1","55","2","GO","MDB","TELEFONIA",65,173,17,4331733,35135.2,6809.79,17,"556"
"57791","2016","1","55","2","MA","REPUBLICANOS","PASSAGEM AÉREA",21,1524,18,4497336,41779.83,2788.01,4,"629"
"20165","2016","1","55","2","BA","PTB","LOCAÇÃO DE AUTOMÓVEIS",25,1060,39,10185417,38638.99,10400,2,"200"
"58329","2016","2","55","2","MA","MDB","SERVIÇOS POSTAIS",65,1524,18,4497336,41779.83,347.73,6,"723"
"93865","2016","2","55","2","PA","MDB","PASSAGEM AÉREA",65,1592,17,5188450,41855.59,29178.89,50,"1079"
"125028","2016","2","55","2","PR","PV","TELEFONIA",8,1081,30,7865950,38500,2167.67,13,"1516"
"133832","2016","2","55","2","RJ","PT","DIVULGAÇÃO MANDATO",68,933,46,12141145,35388.11,15023,2,"1604"
"111606","2016","2","55","2","PE","PATRIOTA","PASSAGEM AÉREA",5,1657,25,6356307,41304.94,3244.28,13,"1293"
"11685","2016","2","55","2","AM","PL","TELEFONIA",34,1932,8,2226891,43198.26,571.07,7,"129"
"126603","2016","2","55","2","PR","PV","FORNECIMENTO DE ALIMENTAÇÃO DO PARLAMENTAR",8,1081,30,7865950,38500,268.52,6,"1550"
"55204","2016","2","55","2","GO","SOLIDARIEDADE","COMBUSTÍVEIS E LUBRIFICANTES",15,173,17,4331733,35135.2,5000,1,"668"
"53805","2016","2","55","2","GO","PTB","COMBUSTÍVEIS E LUBRIFICANTES",25,173,17,4331733,35135.2,4579.21,2,"637"
"14888","2016","3","55","2","AP","PODEMOS","SERVIÇO DE TÁXI, PEDÁGIO E ESTACIONAMENTO",9,1791,8,455514,43002.92,138,4,"182"
"167684","2016","3","55","2","RS","PL","MANUTENÇÃO DE ESCRITÓRIO",34,1619,31,8392033,40504.04,7100.67,10,"2144"
"127169","2016","3","55","2","PR","PROS","TELEFONIA",11,1081,30,7865950,38500,1395.78,7,"1658"
"22475","2016","3","55","2","BA","PP","DIVULGAÇÃO MANDATO",38,1060,39,10185417,38638.99,33165,5,"272"
"120021","2016","3","55","2","PR","PODEMOS","LOCAÇÃO DE AUTOMÓVEIS",9,1081,30,7865950,38500,8150,1,"1521"
"196717","2016","3","55","2","SP","PL","DIVULGAÇÃO MANDATO",34,873,70,31998432,36671.67,21167.4,9,"2419"
"69385","2016","3","55","2","MG","PDT","PASSAGEM AÉREA",20,624,53,15248681,35720.85,40763.3,81,"909"
"137004","2016","3","55","2","RJ","PSD","TELEFONIA",36,933,46,12141145,35388.11,11270.31,50,"1767"
"35356","2016","3","55","2","CE","PSDB","SERVIÇO DE SEGURANÇA PRESTADO POR EMPRESA ESPECIALIZADA.",54,1687,22,6271554,42079.91,697,1,"432"
"15970","2016","4","55","2","AP","PL","TELEFONIA",34,1791,8,455514,43002.92,203.06,9,"199"
"58144","2016","4","55","2","MA","PCdoB","TELEFONIA",10,1524,18,4497336,41779.83,1945.89,6,"748"
"65599","2016","4","55","2","MG","PSL","LOCAÇÃO DE AUTOMÓVEIS",1,624,53,15248681,35720.85,10900,2,"870"
"159085","2016","4","55","2","RR","REPUBLICANOS","PASSAGEM AÉREA",21,2496,8,299558,45240.67,3383.53,7,"1970"
"136995","2016","4","55","2","RJ","PSB","ASSINATURA DE PUBLICAÇÕES",34,933,46,12141145,35388.11,299.4,1,"1760"
"52658","2016","4","55","2","GO","PTB","LOCAÇÃO DE AUTOMÓVEIS",25,173,17,4331733,35135.2,2500,1,"646"
"77890","2016","4","55","2","MG","PCdoB","SERVIÇOS POSTAIS",10,624,53,15248681,35720.85,1832.96,16,"961"
"109335","2016","4","55","2","PE","PP","FORNECIMENTO DE ALIMENTAÇÃO DO PARLAMENTAR",38,1657,25,6356307,41304.94,877.64,10,"1307"
"1154","2016","4","55","2","AC","DEM","COMBUSTÍVEIS E LUBRIFICANTES",21,2246,8,506724,44260.6,5253.45,12,"16"
"150925","2016","5","55","2","RN","PODEMOS","ASSESSORIA TÉCNICA/JURÍDICA",9,1775,8,2327451,42360.13,33800,3,"1879"
"151209","2016","5","55","2","RN","DEM","ASSESSORIA TÉCNICA/JURÍDICA",21,1775,8,2327451,42360.13,360,1,"1885"
"110994","2016","5","55","2","PE","DEM","COMBUSTÍVEIS E LUBRIFICANTES",21,1657,25,6356307,41304.94,578.95,4,"1333"
"41144","2016","5","55","2","DF","DEM","COMBUSTÍVEIS E LUBRIFICANTES",21,0,8,1897677,30416.8,836.21,6,"527"
"127409","2016","5","55","2","PR","PROS","SERVIÇOS POSTAIS",11,1081,30,7865950,38500,114.57,2,"1631"
"55202","2016","5","55","2","GO","MDB","HOSPEDAGEM ,EXCETO DO PARLAMENTAR NO DISTRITO FEDERAL.",65,173,17,4331733,35135.2,2449.02,6,"711"
"189354","2016","5","55","2","SP","MDB","FORNECIMENTO DE ALIMENTAÇÃO DO PARLAMENTAR",65,873,70,31998432,36671.67,1090.27,28,"2327"
"33904","2016","5","55","2","CE","PODEMOS","LOCAÇÃO OU FRETAMENTO DE AERONAVES",9,1687,22,6271554,42079.91,5000,1,"396"
"40010","2016","5","55","2","DF","DEM","LOCAÇÃO DE AUTOMÓVEIS",21,0,8,1897677,30416.8,4800,1,"501"
"33739","2016","6","55","2","CE","PT","HOSPEDAGEM ,EXCETO DO PARLAMENTAR NO DISTRITO FEDERAL.",68,1687,22,6271554,42079.91,804.3,1,"390"
"110529","2016","6","55","2","PE","PCdoB","TELEFONIA",10,1657,25,6356307,41304.94,3519.9,16,"1286"
"150530","2016","6","55","2","RN","MDB","DIVULGAÇÃO MANDATO",65,1775,8,2327451,42360.13,16600,2,"1804"
"88180","2016","6","55","2","MT","PT","HOSPEDAGEM ,EXCETO DO PARLAMENTAR NO DISTRITO FEDERAL.",68,873,8,2189703,39056.17,1947.9,8,"1058"
"63824","2016","6","55","2","MG","MDB","PASSAGEM AÉREA",65,624,53,15248681,35720.85,56208.37,115,"784"
"166587","2016","6","55","2","RS","REDE","LOCAÇÃO DE AUTOMÓVEIS",NA,1619,31,8392033,40504.04,2550,1,"2049"
"134049","2016","6","55","2","RJ","PSOL","SERVIÇOS POSTAIS",5,933,46,12141145,35388.11,1765.57,13,"1626"
"36042","2016","6","55","2","CE","PCdoB","SERVIÇO DE SEGURANÇA PRESTADO POR EMPRESA ESPECIALIZADA.",10,1687,22,6271554,42079.91,386.57,1,"420"
"160072","2016","6","55","2","RR","DEM","COMBUSTÍVEIS E LUBRIFICANTES",21,2496,8,299558,45240.67,4100,1,"1917"
"14459","2016","7","55","2","AP","MDB","PASSAGEM AÉREA",65,1791,8,455514,43002.92,2701,8,"168"
"80357","2016","7","55","2","MS","PDT","TELEFONIA",20,878,8,1818937,40170.98,4677.17,11,"958"
"111924","2016","7","55","2","PE","PDT","COMBUSTÍVEIS E LUBRIFICANTES",20,1657,25,6356307,41304.94,7747.41,13,"1300"
"20135","2016","7","55","2","BA","PCdoB","PASSAGEM AÉREA",10,1060,39,10185417,38638.99,37982.73,118,"217"
"12246","2016","7","55","2","AM","REPUBLICANOS","LOCAÇÃO OU FRETAMENTO DE AERONAVES",21,1932,8,2226891,43198.26,9000,1,"138"
"188239","2016","7","55","2","SP","PSB","SERVIÇOS POSTAIS",34,873,70,31998432,36671.67,1397.38,14,"2203"
"68766","2016","7","55","2","MG","PT","COMBUSTÍVEIS E LUBRIFICANTES",68,624,53,15248681,35720.85,21850.77,84,"859"
"15557","2016","7","55","2","AP","PDT","PASSAGEM AÉREA",20,1791,8,455514,43002.92,13504.69,33,"183"
"205222","2016","7","55","2","TO","PROS","LOCAÇÃO DE AUTOMÓVEIS",11,620,8,996887,39131.75,10000,1,"2418"
"163109","2016","8","55","2","RS","PSB","SERVIÇOS POSTAIS",34,1619,31,8392033,40504.04,875.25,2,"1972"
"166090","2016","8","55","2","RS","PSB","MANUTENÇÃO DE ESCRITÓRIO",34,1619,31,8392033,40504.04,11732.93,12,"2036"
"70411","2016","8","55","2","MG","PCdoB","PASSAGEM AÉREA",10,624,53,15248681,35720.85,21982.24,51,"892"
"136683","2016","8","55","2","RJ","PSB","COMBUSTÍVEIS E LUBRIFICANTES",34,933,46,12141145,35388.11,533.12,3,"1690"
"119065","2016","8","55","2","PI","MDB","PASSAGEM AÉREA",65,1313,10,2345694,40599.91,11706,34,"1440"
"35588","2016","8","55","2","CE","PDT","SERVIÇO DE TÁXI, PEDÁGIO E ESTACIONAMENTO",20,1687,22,6271554,42079.91,50,1,"418"
"109813","2016","8","55","2","PE","PSD","MANUTENÇÃO DE ESCRITÓRIO",36,1657,25,6356307,41304.94,414.3,1,"1281"
"93972","2016","8","55","2","PA","CIDADANIA","COMBUSTÍVEIS E LUBRIFICANTES",10,1592,17,5188450,41855.59,5295.19,5,"1091"
"32962","2016","8","55","2","CE","PTB","TELEFONIA",25,1687,22,6271554,42079.91,1396.06,7,"362"
"119141","2016","9","55","2","PI","PSB","MANUTENÇÃO DE ESCRITÓRIO",34,1313,10,2345694,40599.91,2233.38,6,"1407"
"154341","2016","9","55","2","RO","PL","ASSESSORIA TÉCNICA/JURÍDICA",34,1900,8,1127154,43300.63,3500,2,"1816"
"159522","2016","9","55","2","RR","DEM","TELEFONIA",21,2496,8,299558,45240.67,949.38,9,"1859"
"204329","2016","9","55","2","TO","PROS","TELEFONIA",11,620,8,996887,39131.75,1922.12,7,"2350"
"52030","2016","9","55","2","GO","PDT","MANUTENÇÃO DE ESCRITÓRIO",20,173,17,4331733,35135.2,4000,1,"604"
"178185","2016","9","55","2","SC","PSDB","COMBUSTÍVEIS E LUBRIFICANTES",54,1314,16,4859324,39505.92,9625.9,19,"2064"
"152975","2016","9","55","2","RO","MDB","PASSAGENS TERRESTRES, MARÍTIMAS OU FLUVIAIS",65,1900,8,1127154,43300.63,11.99,1,"1791"
"64966","2016","9","55","2","MG","PSB","MANUTENÇÃO DE ESCRITÓRIO",34,624,53,15248681,35720.85,3503.79,2,"798"
"196950","2016","9","55","2","SP","PCdoB","SERVIÇO DE TÁXI, PEDÁGIO E ESTACIONAMENTO",10,873,70,31998432,36671.67,778.81,9,"2277"
"119635","2016","10","55","2","PI","MDB","LOCAÇÃO DE AUTOMÓVEIS",65,1313,10,2345694,40599.91,10000,2,"1411"
"96718","2016","10","55","2","PA","CIDADANIA","SERVIÇOS POSTAIS",10,1592,17,5188450,41855.59,53.4,1,"1135"
"124264","2016","10","55","2","PR","PSL","TELEFONIA",1,1081,30,7865950,38500,2109.56,7,"1499"
"195294","2016","10","55","2","SP","DEM","SERVIÇO DE SEGURANÇA PRESTADO POR EMPRESA ESPECIALIZADA.",21,873,70,31998432,36671.67,3960,1,"2256"
"98651","2016","10","55","2","PB","PSD","FORNECIMENTO DE ALIMENTAÇÃO DO PARLAMENTAR",36,1716,12,2835882,41660.7,104.02,1,"1176"
"7736","2016","10","55","2","AL","PT","LOCAÇÃO DE AUTOMÓVEIS",68,1485,9,1995727,40572.24,3390,1,"85"
"44216","2016","10","55","2","ES","PP","SERVIÇOS POSTAIS",38,947,10,2653536,37052.05,34.64,3,"554"
"24995","2016","10","55","2","BA","PSD","ASSINATURA DE PUBLICAÇÕES",36,1060,39,10185417,38638.99,183.2,1,"317"
"8147","2016","10","55","2","MG","PT","TELEFONIA",68,624,53,15248681,35720.85,9528.88,70,"88"
"161981","2016","11","55","2","RS","PODEMOS","SERVIÇO DE TÁXI, PEDÁGIO E ESTACIONAMENTO",9,1619,31,8392033,40504.04,672.5,19,"1882"
"121471","2016","11","55","2","PR","PSB","DIVULGAÇÃO MANDATO",34,1081,30,7865950,38500,41235,4,"1418"
"204459","2016","11","55","2","TO","DEM","FORNECIMENTO DE ALIMENTAÇÃO DO PARLAMENTAR",21,620,8,996887,39131.75,12,1,"2357"
"9359","2016","11","55","2","AM","PSDB","LOCAÇÃO DE AUTOMÓVEIS",54,1932,8,2226891,43198.26,7550,2,"116"
"15437","2016","11","55","2","AP","PDT","DIVULGAÇÃO MANDATO",20,1791,8,455514,43002.92,23000,1,"173"
"151207","2016","11","55","2","RN","PP","MANUTENÇÃO DE ESCRITÓRIO",38,1775,8,2327451,42360.13,201.5,1,"1763"
"25742","2016","11","55","2","BA","PSDB","SERVIÇOS POSTAIS",54,1060,39,10185417,38638.99,1072.79,6,"309"
"40258","2016","11","55","2","DF","SOLIDARIEDADE","ASSESSORIA TÉCNICA/JURÍDICA",15,0,8,1897677,30416.8,16500,1,"465"
"137079","2016","11","55","2","RJ","REPUBLICANOS","TELEFONIA",21,933,46,12141145,35388.11,993.71,7,"1635"
"24027","2016","12","55","2","BA","PCdoB","HOSPEDAGEM ,EXCETO DO PARLAMENTAR NO DISTRITO FEDERAL.",10,1060,39,10185417,38638.99,1003,4,"288"
"99684","2016","12","55","2","PB","PL","SERVIÇOS POSTAIS",34,1716,12,2835882,41660.7,1461.06,10,"1141"
"94810","2016","12","55","2","PA","DEM","SERVIÇO DE TÁXI, PEDÁGIO E ESTACIONAMENTO",21,1592,17,5188450,41855.59,13,1,"1047"
"112611","2016","12","55","2","PE","PTB","PASSAGEM AÉREA",25,1657,25,6356307,41304.94,10257.15,34,"1244"
"165445","2016","12","55","2","RS","PSDB","MANUTENÇÃO DE ESCRITÓRIO",54,1619,31,8392033,40504.04,10329.84,5,"1892"
"158878","2016","12","55","2","RR","PL","MANUTENÇÃO DE ESCRITÓRIO",34,2496,8,299558,45240.67,3000,1,"1783"
"188773","2016","12","55","2","SP","PSOL","SERVIÇOS POSTAIS",5,873,70,31998432,36671.67,1645.5,18,"2103"
"44178","2016","12","55","2","ES","SOLIDARIEDADE","MANUTENÇÃO DE ESCRITÓRIO",15,947,10,2653536,37052.05,7804.76,3,"525"
"176366","2017","1","55","3","SC","PT","COMBUSTÍVEIS E LUBRIFICANTES",68,1314,16,4859324,39505.92,10930.03,86,"1890"
"125081","2017","1","55","3","PR","PP","SERVIÇOS POSTAIS",38,1081,30,7865950,38500,2430.67,16,"1377"
"55949","2017","1","55","3","MA","PCdoB","MANUTENÇÃO DE ESCRITÓRIO",10,1524,18,4497336,41779.83,3722.48,2,"602"
"97947","2017","1","55","3","PB","PTB","PASSAGEM AÉREA",25,1716,12,2835882,41660.7,6666.38,13,"1062"
"162499","2017","1","55","3","RS","REDE","ASSESSORIA TÉCNICA/JURÍDICA",NA,1619,31,8392033,40504.04,7500,2,"1767"
"118415","2017","1","55","3","PI","PT","TELEFONIA",68,1313,10,2345694,40599.91,131.31,10,"1271"
"115108","2017","1","55","3","PE","PP","MANUTENÇÃO DE ESCRITÓRIO",38,1657,25,6356307,41304.94,195.5,1,"1237"
"138190","2017","1","55","3","RJ","PSL","SERVIÇO DE TÁXI, PEDÁGIO E ESTACIONAMENTO",1,933,46,12141145,35388.11,60,1,"1558"
"138306","2017","2","55","3","RJ","PSL","DIVULGAÇÃO MANDATO",1,933,46,12141145,35388.11,1041.3,1,"1702"
"167099","2017","2","55","3","RS","DEM","DIVULGAÇÃO MANDATO",21,1619,31,8392033,40504.04,2500,1,"2033"
"81723","2017","2","55","3","MS","PSDB","PASSAGEM AÉREA",54,878,8,1818937,40170.98,3630.26,6,"984"
"153967","2017","2","55","3","RO","DEM","SERVIÇOS POSTAIS",21,1900,8,1127154,43300.63,176.93,3,"1836"
"68566","2017","2","55","3","MG","PT","SERVIÇOS POSTAIS",68,624,53,15248681,35720.85,3619.65,48,"856"
"177797","2017","2","55","3","SC","PSD","SERVIÇO DE TÁXI, PEDÁGIO E ESTACIONAMENTO",36,1314,16,4859324,39505.92,180.84,1,"2099"
"127655","2017","2","55","3","PR","PV","SERVIÇOS POSTAIS",8,1081,30,7865950,38500,691.9,19,"1577"
"196956","2017","2","55","3","SP","PODEMOS","SERVIÇOS POSTAIS",9,873,70,31998432,36671.67,1414.31,32,"2303"
"84730","2017","2","55","3","MT","PP","LOCAÇÃO OU FRETAMENTO DE AERONAVES",38,873,8,2189703,39056.17,27360,1,"1012"
"20652","2017","3","55","3","BA","PSD","HOSPEDAGEM ,EXCETO DO PARLAMENTAR NO DISTRITO FEDERAL.",36,1060,39,10185417,38638.99,1579,5,"234"
"88937","2017","3","55","3","PA","DEM","COMBUSTÍVEIS E LUBRIFICANTES",21,1592,17,5188450,41855.59,6000,9,"1080"
"99260","2017","3","55","3","PB","PTB","DIVULGAÇÃO MANDATO",25,1716,12,2835882,41660.7,19500,7,"1231"
"2634","2017","3","55","3","AC","PCdoB","SERVIÇO DE TÁXI, PEDÁGIO E ESTACIONAMENTO",10,2246,8,506724,44260.6,15,1,"18"
"127164","2017","3","55","3","PR","PL","PASSAGEM AÉREA",34,1081,30,7865950,38500,26105.57,61,"1603"
"112858","2017","3","55","3","PE","PDT","SERVIÇOS POSTAIS",20,1657,25,6356307,41304.94,483.52,6,"1359"
"99054","2017","3","55","3","PB","PL","COMBUSTÍVEIS E LUBRIFICANTES",34,1716,12,2835882,41660.7,968,9,"1223"
"127007","2017","3","55","3","PR","DEM","SERVIÇO DE TÁXI, PEDÁGIO E ESTACIONAMENTO",21,1081,30,7865950,38500,128.6,14,"1600"
"99329","2017","3","55","3","PB","PT","LOCAÇÃO DE AUTOMÓVEIS",68,1716,12,2835882,41660.7,2200,1,"1234"
"114727","2017","4","55","3","PE","PODEMOS","SERVIÇOS POSTAIS",9,1657,25,6356307,41304.94,54.6,2,"1367"
"179927","2017","4","55","3","SC","MDB","FORNECIMENTO DE ALIMENTAÇÃO DO PARLAMENTAR",65,1314,16,4859324,39505.92,3415.97,59,"2153"
"159686","2017","4","55","3","RR","PP","DIVULGAÇÃO MANDATO",38,2496,8,299558,45240.67,14680,3,"1908"
"205422","2017","4","55","3","TO","PL","PASSAGEM AÉREA",34,620,8,996887,39131.75,1010.78,1,"2444"
"162478","2017","4","55","3","RS","DEM","PASSAGEM AÉREA",21,1619,31,8392033,40504.04,40244.96,44,"1946"
"40726","2017","4","55","3","DF","PSDB","MANUTENÇÃO DE ESCRITÓRIO",54,0,8,1897677,30416.8,2911.9,6,"492"
"179908","2017","4","55","3","SC","PT","PASSAGENS TERRESTRES, MARÍTIMAS OU FLUVIAIS",68,1314,16,4859324,39505.92,499.81,6,"2151"
"58630","2017","4","55","3","MA","PT","DIVULGAÇÃO MANDATO",68,1524,18,4497336,41779.83,9500,1,"726"
"204369","2017","4","55","3","TO","PROS","DIVULGAÇÃO MANDATO",11,620,8,996887,39131.75,21500,4,"2421"
"97442","2017","5","55","3","PB","PTB","FORNECIMENTO DE ALIMENTAÇÃO DO PARLAMENTAR",25,1716,12,2835882,41660.7,165.45,2,"1188"
"156370","2017","5","55","3","RR","PSDB","MANUTENÇÃO DE ESCRITÓRIO",54,2496,8,299558,45240.67,249.5,1,"1909"
"3749","2017","5","55","3","AC","PSDB","SERVIÇOS POSTAIS",54,2246,8,506724,44260.6,162.51,3,"41"
"189612","2017","5","55","3","SP","PSD","SERVIÇOS POSTAIS",36,873,70,31998432,36671.67,5746.08,13,"2280"
"52968","2017","5","55","3","GO","PL","SERVIÇOS POSTAIS",34,173,17,4331733,35135.2,87.8,3,"637"
"57076","2017","5","55","3","MA","PSDB","PASSAGEM AÉREA",54,1524,18,4497336,41779.83,26840.01,63,"696"
"136036","2017","5","55","3","RJ","PCdoB","SERVIÇOS POSTAIS",10,933,46,12141145,35388.11,32.7,1,"1700"
"167139","2017","5","55","3","RS","PL","COMBUSTÍVEIS E LUBRIFICANTES",34,1619,31,8392033,40504.04,6000,48,"2070"
"198792","2017","5","55","3","SP","PSDB","MANUTENÇÃO DE ESCRITÓRIO",54,873,70,31998432,36671.67,83987.24,97,"2400"
"55221","2017","6","55","3","GO","CIDADANIA","LOCAÇÃO OU FRETAMENTO DE AERONAVES",10,173,17,4331733,35135.2,8800,1,"684"
"52042","2017","6","55","3","GO","PTB","COMBUSTÍVEIS E LUBRIFICANTES",25,173,17,4331733,35135.2,5993,1,"615"
"116274","2017","6","55","3","PI","PTB","DIVULGAÇÃO MANDATO",25,1313,10,2345694,40599.91,6700,4,"1380"
"164208","2017","6","55","3","RS","PSDB","PASSAGEM AÉREA",54,1619,31,8392033,40504.04,13260.31,16,"1993"
"167371","2017","6","55","3","RS","PDT","SERVIÇO DE TÁXI, PEDÁGIO E ESTACIONAMENTO",20,1619,31,8392033,40504.04,974.5,53,"2065"
"137670","2017","6","55","3","RJ","DEM","LOCAÇÃO DE AUTOMÓVEIS",21,933,46,12141145,35388.11,25200,6,"1715"
"20162","2017","6","55","3","BA","PSDB","DIVULGAÇÃO MANDATO",54,1060,39,10185417,38638.99,16700,11,"228"
"166078","2017","6","55","3","RS","PSD","SERVIÇOS POSTAIS",36,1619,31,8392033,40504.04,60.12,1,"2031"
"179638","2017","6","55","3","SC","CIDADANIA","ASSINATURA DE PUBLICAÇÕES",10,1314,16,4859324,39505.92,294.9,3,"2165"
"138782","2017","7","55","3","RJ","PODEMOS","SERVIÇO DE SEGURANÇA PRESTADO POR EMPRESA ESPECIALIZADA.",9,933,46,12141145,35388.11,8000,1,"1721"
"154091","2017","7","55","3","RO","PSD","SERVIÇOS POSTAIS",36,1900,8,1127154,43300.63,296.91,5,"1859"
"134306","2017","7","55","3","RJ","PSDB","DIVULGAÇÃO MANDATO",54,933,46,12141145,35388.11,690,1,"1625"
"77782","2017","7","55","3","MG","PCdoB","SERVIÇOS POSTAIS",10,624,53,15248681,35720.85,613.54,13,"900"
"44864","2017","7","55","3","ES","MDB","PASSAGEM AÉREA",65,947,10,2653536,37052.05,6490.86,21,"546"
"84114","2017","7","55","3","MT","PSDB","COMBUSTÍVEIS E LUBRIFICANTES",54,873,8,2189703,39056.17,1205.21,8,"992"
"12634","2017","7","55","3","AM","PP","DIVULGAÇÃO MANDATO",38,1932,8,2226891,43198.26,6000,1,"138"
"85016","2017","7","55","3","MT","PP","COMBUSTÍVEIS E LUBRIFICANTES",38,873,8,2189703,39056.17,6000,8,"1008"
"11403","2017","7","55","3","AM","PSDB","ASSESSORIA TÉCNICA/JURÍDICA",54,1932,8,2226891,43198.26,2950,2,"115"
"126868","2017","8","55","3","PR","DEM","PASSAGEM AÉREA",21,1081,30,7865950,38500,2239.07,10,"1605"
"197887","2017","8","55","3","SP","PODEMOS","TELEFONIA",9,873,70,31998432,36671.67,5890.32,31,"2398"
"65733","2017","8","55","3","MG","PT","LOCAÇÃO DE AUTOMÓVEIS",68,624,53,15248681,35720.85,24105,8,"829"
"146668","2017","8","55","3","RN","DEM","MANUTENÇÃO DE ESCRITÓRIO",21,1775,8,2327451,42360.13,592.8,2,"1808"
"166907","2017","8","55","3","RS","PT","SERVIÇOS POSTAIS",68,1619,31,8392033,40504.04,1766.6,25,"2088"
"22888","2017","8","55","3","BA","PP","SERVIÇOS POSTAIS",38,1060,39,10185417,38638.99,848.77,15,"268"
"84913","2017","8","55","3","MT","DEM","PASSAGENS TERRESTRES, MARÍTIMAS OU FLUVIAIS",21,873,8,2189703,39056.17,134,1,"1025"
"137497","2017","8","55","3","RJ","PSL","COMBUSTÍVEIS E LUBRIFICANTES",1,933,46,12141145,35388.11,183.12,1,"1735"
"80266","2017","8","55","3","MS","PDT","SERVIÇO DE SEGURANÇA PRESTADO POR EMPRESA ESPECIALIZADA.",20,878,8,1818937,40170.98,231,1,"961"
"36068","2017","9","55","3","CE","PL","PASSAGEM AÉREA",34,1687,22,6271554,42079.91,32141.89,64,"409"
"151142","2017","9","55","3","RN","MDB","SERVIÇOS POSTAIS",65,1775,8,2327451,42360.13,56.68,1,"1799"
"199152","2017","9","55","3","SP","PP","SERVIÇOS POSTAIS",38,873,70,31998432,36671.67,1948.84,34,"2350"
"178391","2017","9","55","3","SC","PL","TELEFONIA",34,1314,16,4859324,39505.92,2053.66,14,"2102"
"70317","2017","9","55","3","MG","PT","MANUTENÇÃO DE ESCRITÓRIO",68,624,53,15248681,35720.85,54281.24,55,"878"
"98550","2017","9","55","3","PB","PDT","DIVULGAÇÃO MANDATO",20,1716,12,2835882,41660.7,18000,1,"1159"
"94710","2017","9","55","3","PA","PSDB","TELEFONIA",54,1592,17,5188450,41855.59,3998.04,8,"1083"
"100232","2017","9","55","3","PB","PSDB","PASSAGEM AÉREA",54,1716,12,2835882,41660.7,2482.42,2,"1197"
"25815","2017","9","55","3","BA","PDT","TELEFONIA",20,1060,39,10185417,38638.99,1901.58,11,"335"
"60528","2017","10","55","3","MA","DEM","ASSESSORIA TÉCNICA/JURÍDICA",21,1524,18,4497336,41779.83,10000,1,"742"
"58592","2017","10","55","3","MA","PSC","HOSPEDAGEM ,EXCETO DO PARLAMENTAR NO DISTRITO FEDERAL.",13,1524,18,4497336,41779.83,150,1,"703"
"55725","2017","10","55","3","MA","PSC","SERVIÇOS POSTAIS",13,1524,18,4497336,41779.83,716.65,3,"659"
"35249","2017","10","55","3","CE","SOLIDARIEDADE","MANUTENÇÃO DE ESCRITÓRIO",15,1687,22,6271554,42079.91,519.3,1,"375"
"65561","2017","10","55","3","MG","PT","SERVIÇOS POSTAIS",68,624,53,15248681,35720.85,5231.92,47,"784"
"159270","2017","10","55","3","RR","PL","LOCAÇÃO DE AUTOMÓVEIS",34,2496,8,299558,45240.67,13650,2,"1890"
"196327","2017","10","55","3","SP","PCdoB","SERVIÇO DE TÁXI, PEDÁGIO E ESTACIONAMENTO",10,873,70,31998432,36671.67,592.21,9,"2308"
"147276","2017","10","55","3","RN","PODEMOS","LOCAÇÃO DE AUTOMÓVEIS",9,1775,8,2327451,42360.13,2900,1,"1775"
"100318","2017","10","55","3","PB","PDT","DIVULGAÇÃO MANDATO",20,1716,12,2835882,41660.7,18000,1,"1204"
"9404","2017","11","55","3","AM","PSDB","COMBUSTÍVEIS E LUBRIFICANTES",54,1932,8,2226891,43198.26,4560,20,"115"
"95270","2017","11","55","3","PA","PODEMOS","HOSPEDAGEM ,EXCETO DO PARLAMENTAR NO DISTRITO FEDERAL.",9,1592,17,5188450,41855.59,1092.85,2,"1073"
"134710","2017","11","55","3","RJ","PT","FORNECIMENTO DE ALIMENTAÇÃO DO PARLAMENTAR",68,933,46,12141145,35388.11,561.05,14,"1610"
"41617","2017","11","55","3","DF","DEM","TELEFONIA",21,0,8,1897677,30416.8,163.1,5,"482"
"112283","2017","11","55","3","PE","PATRIOTA","HOSPEDAGEM ,EXCETO DO PARLAMENTAR NO DISTRITO FEDERAL.",5,1657,25,6356307,41304.94,183.75,1,"1267"
"41287","2017","11","55","3","DF","PT","ASSESSORIA TÉCNICA/JURÍDICA",68,0,8,1897677,30416.8,14900,1,"474"
"45012","2017","11","55","3","ES","PP","DIVULGAÇÃO MANDATO",38,947,10,2653536,37052.05,17110,4,"540"
"64700","2017","11","55","3","MG","MDB","FORNECIMENTO DE ALIMENTAÇÃO DO PARLAMENTAR",65,624,53,15248681,35720.85,528.07,15,"759"
"120430","2017","11","55","3","PR","PP","COMBUSTÍVEIS E LUBRIFICANTES",38,1081,30,7865950,38500,16094.35,44,"1405"
"59247","2017","12","55","3","MA","PT","HOSPEDAGEM ,EXCETO DO PARLAMENTAR NO DISTRITO FEDERAL.",68,1524,18,4497336,41779.83,219,1,"650"
"126608","2017","12","55","3","PR","DEM","SERVIÇOS POSTAIS",21,1081,30,7865950,38500,105.06,2,"1405"
"65894","2017","12","55","3","MG","PL","SERVIÇOS POSTAIS",34,624,53,15248681,35720.85,36196.25,43,"708"
"126949","2017","12","55","3","PR","PROS","MANUTENÇÃO DE ESCRITÓRIO",11,1081,30,7865950,38500,4934.97,6,"1410"
"7940","2017","12","55","3","AL","PDT","MANUTENÇÃO DE ESCRITÓRIO",20,1485,9,1995727,40572.24,4375.5,3,"64"
"160328","2017","12","55","3","RR","PP","COMBUSTÍVEIS E LUBRIFICANTES",38,2496,8,299558,45240.67,513.16,3,"1721"
"7534","2017","12","55","3","AL","PDT","FORNECIMENTO DE ALIMENTAÇÃO DO PARLAMENTAR",20,1485,9,1995727,40572.24,31.4,1,"58"
"195808","2017","12","55","3","SP","CIDADANIA","SERVIÇOS POSTAIS",10,873,70,31998432,36671.67,20955.7,22,"2091"
"22393","2018","1","55","4","BA","PL","LOCAÇÃO OU FRETAMENTO DE AERONAVES",34,1060,39,10185417,38638.99,14000,1,"235"
"25674","2018","1","55","4","BA","PCdoB","ASSESSORIA TÉCNICA/JURÍDICA",10,1060,39,10185417,38638.99,10800,1,"304"
"110177","2018","1","55","4","PE","PSB","SERVIÇOS POSTAIS",34,1657,25,6356307,41304.94,4504.45,40,"1139"
"117389","2018","1","55","4","PI","PP","COMBUSTÍVEIS E LUBRIFICANTES",38,1313,10,2345694,40599.91,6321.44,13,"1261"
"138382","2018","1","55","4","RJ","PCdoB","COMBUSTÍVEIS E LUBRIFICANTES",10,933,46,12141145,35388.11,1612.68,8,"1548"
"113147","2018","1","55","4","PE","SOLIDARIEDADE","PASSAGEM AÉREA",15,1657,25,6356307,41304.94,4611.8,5,"1207"
"113475","2018","1","55","4","PE","PDT","SERVIÇOS POSTAIS",20,1657,25,6356307,41304.94,331.81,9,"1215"
"127262","2018","1","55","4","PR","DEM","LOCAÇÃO DE AUTOMÓVEIS",21,1081,30,7865950,38500,6300,1,"1435"
"111126","2018","2","55","4","PE","PSL","FORNECIMENTO DE ALIMENTAÇÃO DO PARLAMENTAR",1,1657,25,6356307,41304.94,333.85,3,"1228"
"183083","2018","2","55","4","SE","MDB","DIVULGAÇÃO MANDATO",65,1292,8,1454165,39767.4,6000,4,"2114"
"100779","2018","2","55","4","PB","MDB","PASSAGEM AÉREA",65,1716,12,2835882,41660.7,6660.26,15,"1179"
"134386","2018","2","55","4","RJ","PSOL","SERVIÇO DE TÁXI, PEDÁGIO E ESTACIONAMENTO",5,933,46,12141145,35388.11,251.34,5,"1571"
"196657","2018","2","55","4","SP","PODEMOS","TELEFONIA",9,873,70,31998432,36671.67,4268,17,"2227"
"57395","2018","2","55","4","MA","MDB","MANUTENÇÃO DE ESCRITÓRIO",65,1524,18,4497336,41779.83,2047.6,2,"661"
"181466","2018","2","55","4","SE","MDB","ASSINATURA DE PUBLICAÇÕES",65,1292,8,1454165,39767.4,447.96,2,"2085"
"123846","2018","2","55","4","PR","DEM","HOSPEDAGEM ,EXCETO DO PARLAMENTAR NO DISTRITO FEDERAL.",21,1081,30,7865950,38500,1409.55,2,"1436"
"195253","2018","2","55","4","SP","PSOL","ASSINATURA DE PUBLICAÇÕES",5,873,70,31998432,36671.67,239.44,1,"2201"
"203745","2018","3","55","4","TO","MDB","TELEFONIA",65,620,8,996887,39131.75,1120.69,6,"2426"
"136809","2018","3","55","4","RJ","DEM","SERVIÇOS POSTAIS",21,933,46,12141145,35388.11,3218.35,27,"1716"
"127067","2018","3","55","4","PR","PV","ASSESSORIA TÉCNICA/JURÍDICA",8,1081,30,7865950,38500,6000,1,"1610"
"24908","2018","3","55","4","BA","PSC","DIVULGAÇÃO MANDATO",13,1060,39,10185417,38638.99,10800,1,"313"
"44844","2018","3","55","4","ES","PT","HOSPEDAGEM ,EXCETO DO PARLAMENTAR NO DISTRITO FEDERAL.",68,947,10,2653536,37052.05,1029.53,9,"564"
"69934","2018","3","55","4","MG","PSDB","LOCAÇÃO DE AUTOMÓVEIS",54,624,53,15248681,35720.85,37926.28,11,"880"
"199960","2018","3","55","4","SP","PV","ASSINATURA DE PUBLICAÇÕES",8,873,70,31998432,36671.67,1553,3,"2419"
"99954","2018","3","55","4","PB","PROS","HOSPEDAGEM ,EXCETO DO PARLAMENTAR NO DISTRITO FEDERAL.",11,1716,12,2835882,41660.7,283,1,"1240"
"125679","2018","3","55","4","PR","PT","TELEFONIA",68,1081,30,7865950,38500,6236.92,11,"1586"
"198977","2018","4","55","4","SP","PSL","SERVIÇOS POSTAIS",1,873,70,31998432,36671.67,856,12,"2341"
"52392","2018","4","55","4","GO","PL","MANUTENÇÃO DE ESCRITÓRIO",34,173,17,4331733,35135.2,18483.99,6,"602"
"26300","2018","4","55","4","BA","PSD","FORNECIMENTO DE ALIMENTAÇÃO DO PARLAMENTAR",36,1060,39,10185417,38638.99,389.07,7,"336"
"164213","2018","4","55","4","RS","DEM","FORNECIMENTO DE ALIMENTAÇÃO DO PARLAMENTAR",21,1619,31,8392033,40504.04,88.61,2,"1954"
"127614","2018","4","55","4","PR","CIDADANIA","LOCAÇÃO DE AUTOMÓVEIS",10,1081,30,7865950,38500,3104,2,"1571"
"96076","2018","4","55","4","PA","PSD","PASSAGEM AÉREA",36,1592,17,5188450,41855.59,22572.08,41,"1108"
"147346","2018","4","55","4","RN","PSDB","COMBUSTÍVEIS E LUBRIFICANTES",54,1775,8,2327451,42360.13,1506.56,14,"1767"
"60245","2018","4","55","4","MA","DEM","COMBUSTÍVEIS E LUBRIFICANTES",21,1524,18,4497336,41779.83,4057.41,2,"737"
"150989","2018","4","55","4","RN","PSDB","LOCAÇÃO DE AUTOMÓVEIS",54,1775,8,2327451,42360.13,6000,1,"1791"
"109518","2018","5","55","4","PE","PDT","LOCAÇÃO DE AUTOMÓVEIS",20,1657,25,6356307,41304.94,6000,1,"1237"
"77592","2018","5","55","4","MG","PROS","PASSAGEM AÉREA",11,624,53,15248681,35720.85,51079.18,53,"882"
"199727","2018","5","55","4","SP","PL","FORNECIMENTO DE ALIMENTAÇÃO DO PARLAMENTAR",34,873,70,31998432,36671.67,848.33,20,"2369"
"147414","2018","5","55","4","RN","PSB","COMBUSTÍVEIS E LUBRIFICANTES",34,1775,8,2327451,42360.13,2650.83,16,"1774"
"138246","2018","5","55","4","RJ","PSDB","ASSESSORIA TÉCNICA/JURÍDICA",54,933,46,12141145,35388.11,3500,1,"1702"
"182634","2018","5","55","4","SE","PT","ASSINATURA DE PUBLICAÇÕES",68,1292,8,1454165,39767.4,500,1,"2177"
"128096","2018","5","55","4","PR","PSC","COMBUSTÍVEIS E LUBRIFICANTES",13,1081,30,7865950,38500,2997.11,15,"1591"
"205350","2018","5","55","4","TO","PROS","FORNECIMENTO DE ALIMENTAÇÃO DO PARLAMENTAR",11,620,8,996887,39131.75,36.25,1,"2416"
"165575","2018","5","55","4","RS","DEM","ASSESSORIA TÉCNICA/JURÍDICA",21,1619,31,8392033,40504.04,4000,1,"2000"
"69941","2018","6","55","4","MG","PT","LOCAÇÃO DE AUTOMÓVEIS",68,624,53,15248681,35720.85,34679.54,10,"803"
"167982","2018","6","55","4","RS","PL","HOSPEDAGEM ,EXCETO DO PARLAMENTAR NO DISTRITO FEDERAL.",34,1619,31,8392033,40504.04,1863,17,"1907"
"22267","2018","6","55","4","BA","PTB","HOSPEDAGEM ,EXCETO DO PARLAMENTAR NO DISTRITO FEDERAL.",25,1060,39,10185417,38638.99,2019.7,4,"232"
"113868","2018","6","55","4","PE","PATRIOTA","FORNECIMENTO DE ALIMENTAÇÃO DO PARLAMENTAR",5,1657,25,6356307,41304.94,687.15,8,"1243"
"70367","2018","6","55","4","MG","PL","SERVIÇOS POSTAIS",34,624,53,15248681,35720.85,1379.89,13,"810"
"21831","2018","6","55","4","BA","PSD","SERVIÇO DE TÁXI, PEDÁGIO E ESTACIONAMENTO",36,1060,39,10185417,38638.99,408,14,"223"
"45529","2018","6","55","4","ES","PSL","PASSAGEM AÉREA",1,947,10,2653536,37052.05,16670.01,24,"525"
"110354","2018","6","55","4","PE","MDB","MANUTENÇÃO DE ESCRITÓRIO",65,1657,25,6356307,41304.94,5305.78,7,"1173"
"5362","2018","7","55","4","AL","PTB","TELEFONIA",25,1485,9,1995727,40572.24,271.18,2,"58"
"23395","2018","7","55","4","BA","PSC","MANUTENÇÃO DE ESCRITÓRIO",13,1060,39,10185417,38638.99,2095.81,4,"239"
"117084","2018","7","55","4","PI","DEM","LOCAÇÃO DE AUTOMÓVEIS",21,1313,10,2345694,40599.91,4000,1,"1185"
"115043","2018","7","55","4","PE","MDB","FORNECIMENTO DE ALIMENTAÇÃO DO PARLAMENTAR",65,1657,25,6356307,41304.94,87.69,6,"1166"
"41934","2018","7","55","4","DF","PL","MANUTENÇÃO DE ESCRITÓRIO",34,0,8,1897677,30416.8,198.3,1,"424"
"59500","2018","7","55","4","MA","PODEMOS","SERVIÇOS POSTAIS",9,1524,18,4497336,41779.83,233.63,3,"616"
"136549","2018","7","55","4","RJ","PL","PASSAGEM AÉREA",34,933,46,12141145,35388.11,64301.06,80,"1425"
"161972","2018","7","55","4","RS","PODEMOS","MANUTENÇÃO DE ESCRITÓRIO",9,1619,31,8392033,40504.04,3644.52,6,"1634"
"110892","2018","8","55","4","PE","PSDB","ASSESSORIA TÉCNICA/JURÍDICA",54,1657,25,6356307,41304.94,5000,1,"1022"
"9176","2018","8","55","4","AM","PP","PASSAGEM AÉREA",38,1932,8,2226891,43198.26,20564.67,12,"87"
"68683","2018","8","55","4","MG","PSL","TELEFONIA",1,624,53,15248681,35720.85,149.78,1,"681"
"154697","2018","8","55","4","RO","REPUBLICANOS","COMBUSTÍVEIS E LUBRIFICANTES",21,1900,8,1127154,43300.63,5993.22,1,"1494"
"51874","2018","8","55","4","GO","PDT","TELEFONIA",20,173,17,4331733,35135.2,510.33,1,"478"
"181847","2018","8","55","4","SE","PP","SERVIÇOS POSTAIS",38,1292,8,1454165,39767.4,798.07,9,"1749"
"178113","2018","8","55","4","SC","PSD","FORNECIMENTO DE ALIMENTAÇÃO DO PARLAMENTAR",36,1314,16,4859324,39505.92,1445.64,7,"1699"
"151346","2018","9","55","4","RN","PP","TELEFONIA",38,1775,8,2327451,42360.13,925.92,5,"1228"
"188443","2018","9","55","4","SP","REPUBLICANOS","SERVIÇO DE TÁXI, PEDÁGIO E ESTACIONAMENTO",21,873,70,31998432,36671.67,3223.04,4,"1484"
"151079","2018","9","55","4","RN","PSDB","MANUTENÇÃO DE ESCRITÓRIO",54,1775,8,2327451,42360.13,6000,1,"1225"
"178500","2018","9","55","4","SC","PSDB","MANUTENÇÃO DE ESCRITÓRIO",54,1314,16,4859324,39505.92,7034.93,9,"1423"
"23591","2018","9","55","4","BA","PCdoB","TELEFONIA",10,1060,39,10185417,38638.99,1899.05,10,"193"
"60629","2018","9","55","4","MA","PDT","SERVIÇOS POSTAIS",20,1524,18,4497336,41779.83,50.64,1,"506"
"179269","2018","10","55","4","SC","MDB","ASSINATURA DE PUBLICAÇÕES",65,1314,16,4859324,39505.92,907.41,3,"1848"
"34616","2018","10","55","4","CE","PP","TELEFONIA",38,1687,22,6271554,42079.91,961.11,3,"344"
"57865","2018","10","55","4","MA","CIDADANIA","TELEFONIA",10,1524,18,4497336,41779.83,372.57,2,"597"
"45122","2018","10","55","4","ES","DEM","MANUTENÇÃO DE ESCRITÓRIO",21,947,10,2653536,37052.05,8518.76,15,"474"
"66376","2018","10","55","4","MG","DEM","MANUTENÇÃO DE ESCRITÓRIO",21,624,53,15248681,35720.85,8559.66,11,"708"
"97150","2018","10","55","4","PB","PL","PASSAGEM AÉREA",34,1716,12,2835882,41660.7,5941.75,11,"975"
"3316","2018","10","55","4","AC","MDB","COMBUSTÍVEIS E LUBRIFICANTES",65,2246,8,506724,44260.6,11726.17,2,"25"
"133680","2018","10","55","4","RJ","PSD","MANUTENÇÃO DE ESCRITÓRIO",36,933,46,12141145,35388.11,27455.95,18,"1389"
"52926","2018","11","55","4","GO","CIDADANIA","FORNECIMENTO DE ALIMENTAÇÃO DO PARLAMENTAR",10,173,17,4331733,35135.2,75,1,"558"
"25952","2018","11","55","4","BA","PATRIOTA","COMBUSTÍVEIS E LUBRIFICANTES",5,1060,39,10185417,38638.99,1957.12,18,"299"
"36354","2018","11","55","4","CE","PSDB","SERVIÇOS POSTAIS",54,1687,22,6271554,42079.91,1696.9,6,"373"
"65782","2018","11","55","4","MG","PROS","SERVIÇO DE TÁXI, PEDÁGIO E ESTACIONAMENTO",11,624,53,15248681,35720.85,229.1,19,"731"
"158951","2018","11","55","4","RR","DEM","LOCAÇÃO DE AUTOMÓVEIS",21,2496,8,299558,45240.67,10186.4,1,"1741"
"179966","2018","11","55","4","SC","CIDADANIA","TELEFONIA",10,1314,16,4859324,39505.92,2600.09,6,"1961"
"165640","2018","11","55","4","RS","PSD","COMBUSTÍVEIS E LUBRIFICANTES",36,1619,31,8392033,40504.04,4040.93,21,"1839"
"81746","2018","11","55","4","MS","PT","SERVIÇOS POSTAIS",68,878,8,1818937,40170.98,550.78,9,"883"
"8782","2018","12","55","4","AL","PT","ASSESSORIA TÉCNICA/JURÍDICA",68,1485,9,1995727,40572.24,4850,1,"85"
"59402","2018","12","55","4","MA","REPUBLICANOS","MANUTENÇÃO DE ESCRITÓRIO",21,1524,18,4497336,41779.83,293.5,1,"657"
"125614","2018","12","55","4","PR","MDB","SERVIÇOS POSTAIS",65,1081,30,7865950,38500,226.25,5,"1386"
"41965","2018","12","55","4","DF","PODEMOS","PASSAGEM AÉREA",9,0,8,1897677,30416.8,1635.07,1,"460"
"20098","2018","12","55","4","BA","PP","FORNECIMENTO DE ALIMENTAÇÃO DO PARLAMENTAR",38,1060,39,10185417,38638.99,1806.14,23,"191"
"79156","2018","12","55","4","MG","PSL","LOCAÇÃO DE AUTOMÓVEIS",1,624,53,15248681,35720.85,10000,2,"834"
"70154","2018","12","55","4","MG","AVANTE","COMBUSTÍVEIS E LUBRIFICANTES",2,624,53,15248681,35720.85,992.27,10,"784"
"12355","2018","12","55","4","AM","REPUBLICANOS","SERVIÇOS POSTAIS",21,1932,8,2226891,43198.26,174.9,3,"125"
"166686","2019","1","55","5","RS","PTB","FORNECIMENTO DE ALIMENTAÇÃO DO PARLAMENTAR",25,1619,31,8392033,40504.04,275,7,"1649"
"54190","2019","1","55","5","GO","PSDB","DIVULGAÇÃO MANDATO",54,173,17,4331733,35135.2,10000,1,"527"
"113271","2019","1","55","5","PE","CIDADANIA","TELEFONIA",10,1657,25,6356307,41304.94,2138.76,9,"1085"
"4514","2019","1","55","5","AL","AVANTE","TELEFONIA",2,1485,9,1995727,40572.24,41.77,1,"43"
"163606","2019","1","55","5","RS","PT","MANUTENÇÃO DE ESCRITÓRIO",68,1619,31,8392033,40504.04,40555.55,33,"1596"
"43413","2019","1","55","5","ES","PSL","MANUTENÇÃO DE ESCRITÓRIO",1,947,10,2653536,37052.05,2776.78,5,"429"
"53925","2019","1","55","5","GO","PSDB","COMBUSTÍVEIS E LUBRIFICANTES",54,173,17,4331733,35135.2,6444.04,7,"522"
"129298","2019","2","56","1","PR","PP","LOCAÇÃO DE AUTOMÓVEIS",38,1081,30,7971087,38500,11302.64,3,"1239"
"92801","2019","2","56","1","PA","REPUBLICANOS","TELEFONIA",30,1592,17,5499283,41855.59,12.65,1,"950"
"90783","2019","2","56","1","PA","MDB","DIVULGAÇÃO MANDATO",34,1592,17,5499283,41855.59,24000,2,"898"
"90833","2019","2","56","1","PA","PSD","FORNECIMENTO DE ALIMENTAÇÃO DO PARLAMENTAR",35,1592,17,5499283,41855.59,591.32,6,"902"
"10739","2019","2","56","1","AM","PT","COMBUSTÍVEIS E LUBRIFICANTES",54,1932,8,2428098,43198.26,1846.06,3,"121"
"27471","2019","2","56","1","BA","UNIÃO","DIVULGAÇÃO MANDATO",52,1060,39,10393170,38638.99,36435,5,"257"
"155558","2019","2","56","1","RO","PL","TELEFONIA",33,1900,8,1175733,43300.63,184.44,3,"1530"
"172090","2019","2","56","1","RS","PDT","TELEFONIA",28,1619,31,8354732,40504.04,5007.5,10,"1694"
"91879","2019","3","56","1","PA","UNIÃO","TELEFONIA",52,1592,17,5499283,41855.59,1338.93,5,"966"
"145872","2019","3","56","1","RJ","PCdoB","HOSPEDAGEM ,EXCETO DO PARLAMENTAR NO DISTRITO FEDERAL.",10,933,46,12408340,35388.11,1064.4,2,"1491"
"104836","2019","3","56","1","PE","PSD","PASSAGEM AÉREA",35,1657,25,6570072,41304.94,20410.54,37,"1117"
"102803","2019","3","56","1","PB","PSB","COMBUSTÍVEIS E LUBRIFICANTES",32,1716,12,2867649,41660.7,1881.6,10,"1065"
"184706","2019","3","56","1","SE","PP","MANUTENÇÃO DE ESCRITÓRIO",38,1292,8,1577058,39767.4,178.2,1,"1914"
"83093","2019","3","56","1","MS","PT","MANUTENÇÃO DE ESCRITÓRIO",54,878,8,1877982,40170.98,2414.59,3,"871"
"31733","2019","3","56","1","CE","PDT","SERVIÇO DE TÁXI, PEDÁGIO E ESTACIONAMENTO",28,1687,22,6344483,42079.91,50.45,2,"368"
"71130","2019","3","56","1","MG","PATRIOTA","SERVIÇOS POSTAIS",9,624,53,15700966,35720.85,20.4,3,"696"
"187244","2019","4","56","1","SP","REPUBLICANOS","LOCAÇÃO DE AUTOMÓVEIS",30,873,70,33040411,36671.67,37171.93,14,"2025"
"27945","2019","4","56","1","BA","PSD","SERVIÇOS POSTAIS",35,1060,39,10393170,38638.99,1600.96,16,"292"
"18069","2019","4","56","1","BA","PDT","LOCAÇÃO DE AUTOMÓVEIS",28,1060,39,10393170,38638.99,8700,3,"219"
"90400","2019","4","56","1","PA","PTB","MANUTENÇÃO DE ESCRITÓRIO",10,1592,17,5499283,41855.59,601.9,1,"956"
"91512","2019","4","56","1","PA","MDB","COMBUSTÍVEIS E LUBRIFICANTES",34,1592,17,5499283,41855.59,8928.19,12,"985"
"48884","2019","4","56","1","GO","PT","TELEFONIA",54,173,17,4454497,35135.2,2617.63,6,"519"
"155570","2019","4","56","1","RO","PL","LOCAÇÃO DE AUTOMÓVEIS",33,1900,8,1175733,43300.63,4000,1,"1626"
"157062","2019","4","56","1","RR","PL","COMBUSTÍVEIS E LUBRIFICANTES",33,2496,8,333464,45240.67,4550.4,1,"1661"
"17288","2019","5","56","1","AP","PP","LOCAÇÃO DE AUTOMÓVEIS",38,1791,8,512110,43002.92,7280,1,"195"
"103003","2019","5","56","1","PB","PSC","DIVULGAÇÃO MANDATO",8,1716,12,2867649,41660.7,22699.89,13,"1097"
"76483","2019","5","56","1","MG","MDB","HOSPEDAGEM ,EXCETO DO PARLAMENTAR NO DISTRITO FEDERAL.",34,624,53,15700966,35720.85,1449,2,"841"
"67860","2019","5","56","1","MG","PSOL","ASSINATURA DE PUBLICAÇÕES",10,624,53,15700966,35720.85,769.9,3,"710"
"183277","2019","5","56","1","SE","PSD","MANUTENÇÃO DE ESCRITÓRIO",35,1292,8,1577058,39767.4,6070.42,11,"1944"
"7277","2019","5","56","1","AL","MDB","FORNECIMENTO DE ALIMENTAÇÃO DO PARLAMENTAR",34,1485,9,2187967,40572.24,63.72,1,"97"
"130478","2019","5","56","1","PR","PP","PASSAGENS TERRESTRES, MARÍTIMAS OU FLUVIAIS",38,1081,30,7971087,38500,136.96,2,"1360"
"31917","2019","5","56","1","CE","UNIÃO","SERVIÇO DE TÁXI, PEDÁGIO E ESTACIONAMENTO",52,1687,22,6344483,42079.91,250,1,"385"
"48653","2019","6","56","1","GO","PL","SERVIÇOS POSTAIS",33,173,17,4454497,35135.2,327.11,7,"505"
"173354","2019","6","56","1","SC","PSDB","MANUTENÇÃO DE ESCRITÓRIO",29,1314,16,5070212,39505.92,2171.93,7,"1844"
"66818","2019","6","56","1","MG","PP","MANUTENÇÃO DE ESCRITÓRIO",38,624,53,15700966,35720.85,35218.85,45,"664"
"11114","2019","6","56","1","AM","UNIÃO","DIVULGAÇÃO MANDATO",52,1932,8,2428098,43198.26,10000,1,"135"
"143935","2019","6","56","1","RJ","PSB","LOCAÇÃO DE AUTOMÓVEIS",32,933,46,12408340,35388.11,1600,1,"1472"
"158458","2019","6","56","1","RR","PP","MANUTENÇÃO DE ESCRITÓRIO",38,2496,8,333464,45240.67,2620.45,3,"1680"
"201296","2019","6","56","1","TO","PP","TELEFONIA",38,620,8,1039439,39131.75,1170.03,3,"2122"
"61830","2019","6","56","1","MA","PT","TELEFONIA",54,1524,18,4537237,41779.83,1885.48,6,"612"
"76249","2019","7","56","1","MG","PSDB","ASSESSORIA TÉCNICA/JURÍDICA",29,624,53,15700966,35720.85,2700,2,"811"
"142053","2019","7","56","1","RJ","REPUBLICANOS","FORNECIMENTO DE ALIMENTAÇÃO DO PARLAMENTAR",30,933,46,12408340,35388.11,649.94,11,"1414"
"141747","2019","7","56","1","RJ","PATRIOTA","FORNECIMENTO DE ALIMENTAÇÃO DO PARLAMENTAR",9,933,46,12408340,35388.11,906.9,26,"1406"
"173344","2019","7","56","1","SC","PSDB","SERVIÇO DE TÁXI, PEDÁGIO E ESTACIONAMENTO",29,1314,16,5070212,39505.92,39.73,1,"1831"
"46085","2019","7","56","1","ES","PT","LOCAÇÃO DE AUTOMÓVEIS",54,947,10,2754728,37052.05,3700,2,"441"
"18607","2019","7","56","1","BA","PP","COMBUSTÍVEIS E LUBRIFICANTES",38,1060,39,10393170,38638.99,13039.64,34,"207"
"82378","2019","7","56","1","MS","PSD","FORNECIMENTO DE ALIMENTAÇÃO DO PARLAMENTAR",35,878,8,1877982,40170.98,62.35,1,"873"
"61710","2019","7","56","1","MA","PATRIOTA","ASSESSORIA TÉCNICA/JURÍDICA",9,1524,18,4537237,41779.83,20000,1,"611"
"148291","2019","8","56","1","RN","PSB","DIVULGAÇÃO MANDATO",32,1775,8,2373619,42360.13,12000,1,"1568"
"187638","2019","8","56","1","SP","NOVO","FORNECIMENTO DE ALIMENTAÇÃO DO PARLAMENTAR",8,873,70,33040411,36671.67,271.08,7,"2029"
"187809","2019","8","56","1","SP","PT","PASSAGEM AÉREA",54,873,70,33040411,36671.67,93787.09,145,"2033"
"75195","2019","8","56","1","MG","REPUBLICANOS","MANUTENÇÃO DE ESCRITÓRIO",30,624,53,15700966,35720.85,22575.93,23,"814"
"42522","2019","8","56","1","ES","PSB","LOCAÇÃO DE AUTOMÓVEIS",32,947,10,2754728,37052.05,4400,1,"447"
"46243","2019","8","56","1","ES","REPUBLICANOS","DIVULGAÇÃO MANDATO",30,947,10,2754728,37052.05,6010.97,3,"463"
"63090","2019","8","56","1","MA","PP","PASSAGEM AÉREA",38,1524,18,4537237,41779.83,18756.71,20,"664"
"202839","2019","8","56","1","TO","PSC","TELEFONIA",8,620,8,1039439,39131.75,150.9,2,"2185"
"5804","2019","9","56","1","AL","PSD","SERVIÇO DE SEGURANÇA PRESTADO POR EMPRESA ESPECIALIZADA.",35,1485,9,2187967,40572.24,4100,1,"57"
"103039","2019","9","56","1","PB","UNIÃO","FORNECIMENTO DE ALIMENTAÇÃO DO PARLAMENTAR",52,1716,12,2867649,41660.7,87,1,"1095"
"5701","2019","9","56","1","AL","REPUBLICANOS","TELEFONIA",30,1485,9,2187967,40572.24,441.06,3,"53"
"144714","2019","9","56","1","RJ","PDT","HOSPEDAGEM ,EXCETO DO PARLAMENTAR NO DISTRITO FEDERAL.",28,933,46,12408340,35388.11,703,4,"1511"
"157632","2019","9","56","1","RR","UNIÃO","LOCAÇÃO DE AUTOMÓVEIS",52,2496,8,333464,45240.67,10600,2,"1681"
"189970","2019","9","56","1","SP","REPUBLICANOS","HOSPEDAGEM ,EXCETO DO PARLAMENTAR NO DISTRITO FEDERAL.",30,873,70,33040411,36671.67,2060.68,7,"2047"
"155467","2019","9","56","1","RO","PODEMOS","MANUTENÇÃO DE ESCRITÓRIO",17,1900,8,1175733,43300.63,144.68,1,"1644"
"92287","2019","9","56","1","PA","PTB","COMBUSTÍVEIS E LUBRIFICANTES",10,1592,17,5499283,41855.59,1189.04,11,"1002"
"149286","2019","10","56","1","RN","PSB","TELEFONIA",32,1775,8,2373619,42360.13,1358.09,6,"1597"
"193044","2019","10","56","1","SP","PSC","FORNECIMENTO DE ALIMENTAÇÃO DO PARLAMENTAR",8,873,70,33040411,36671.67,1208.64,20,"2117"
"173868","2019","10","56","1","SC","PT","SERVIÇO DE TÁXI, PEDÁGIO E ESTACIONAMENTO",54,1314,16,5070212,39505.92,18.9,7,"1874"
"82224","2019","10","56","1","MS","PSD","COMBUSTÍVEIS E LUBRIFICANTES",35,878,8,1877982,40170.98,1999.45,13,"891"
"28646","2019","10","56","1","BA","PSB","TELEFONIA",32,1060,39,10393170,38638.99,2032.88,4,"292"
"68013","2019","10","56","1","MG","MDB","COMBUSTÍVEIS E LUBRIFICANTES",34,624,53,15700966,35720.85,2889.89,16,"708"
"170025","2019","10","56","1","RS","PDT","SERVIÇO DE TÁXI, PEDÁGIO E ESTACIONAMENTO",28,1619,31,8354732,40504.04,688.1,31,"1791"
"184462","2019","10","56","1","SE","UNIÃO","DIVULGAÇÃO MANDATO",52,1292,8,1577058,39767.4,6800,3,"1973"
"85684","2019","11","56","1","MT","REPUBLICANOS","HOSPEDAGEM ,EXCETO DO PARLAMENTAR NO DISTRITO FEDERAL.",30,873,8,2330281,39056.17,2601.5,18,"912"
"101092","2019","11","56","1","PB","PSC","DIVULGAÇÃO MANDATO",8,1716,12,2867649,41660.7,24400,14,"1035"
"183723","2019","11","56","1","SE","PSD","DIVULGAÇÃO MANDATO",35,1292,8,1577058,39767.4,6660,2,"1912"
"32079","2019","11","56","1","CE","PSD","PASSAGEM AÉREA",35,1687,22,6344483,42079.91,17454.28,23,"358"
"34804","2019","11","56","1","CE","PSB","PASSAGEM AÉREA",32,1687,22,6344483,42079.91,8408.12,10,"372"
"63472","2019","11","56","1","MA","PSD","COMBUSTÍVEIS E LUBRIFICANTES",35,1524,18,4537237,41779.83,6000,9,"651"
"106302","2019","11","56","1","PE","CIDADANIA","SERVIÇOS POSTAIS",8,1657,25,6570072,41304.94,369.17,2,"1144"
"132816","2019","11","56","1","PR","PROS","TELEFONIA",8,1081,30,7971087,38500,1036.54,8,"1373"
"171175","2019","12","56","1","RS","PSD","SERVIÇO DE TÁXI, PEDÁGIO E ESTACIONAMENTO",35,1619,31,8354732,40504.04,48.4,8,"1686"
"128527","2019","12","56","1","PR","PROS","PASSAGEM AÉREA",8,1081,30,7971087,38500,16481.54,24,"1211"
"2812","2019","12","56","1","AC","MDB","ASSESSORIA TÉCNICA/JURÍDICA",34,2246,8,547680,44260.6,7000,1,"40"
"62976","2019","12","56","1","MA","UNIÃO","SERVIÇOS POSTAIS",52,1524,18,4537237,41779.83,284.54,4,"618"
"6526","2019","12","56","1","AL","MDB","SERVIÇOS POSTAIS",34,1485,9,2187967,40572.24,327.75,3,"70"
"1623","2019","12","56","1","AC","PCdoB","TELEFONIA",10,2246,8,547680,44260.6,841.9,3,"11"
"26674","2019","12","56","1","BA","PP","FORNECIMENTO DE ALIMENTAÇÃO DO PARLAMENTAR",38,1060,39,10393170,38638.99,843.9,20,"227"
"186639","2019","12","56","1","SP","NOVO","SERVIÇO DE TÁXI, PEDÁGIO E ESTACIONAMENTO",8,873,70,33040411,36671.67,2002.74,66,"1883"
"184468","2020","1","56","2","SE","UNIÃO","ASSESSORIA TÉCNICA/JURÍDICA",52,1292,8,1577058,39767.4,25000,2,"1725"
"103648","2020","1","56","2","PE","PSB","LOCAÇÃO DE AUTOMÓVEIS",32,1657,25,6570072,41304.94,20200,3,"973"
"73953","2020","1","56","2","MG","PSDB","MANUTENÇÃO DE ESCRITÓRIO",29,624,53,15700966,35720.85,13152.09,14,"694"
"17221","2020","1","56","2","AP","PP","DIVULGAÇÃO MANDATO",38,1791,8,512110,43002.92,26420,6,"165"
"128949","2020","1","56","2","PR","PROS","SERVIÇO DE SEGURANÇA PRESTADO POR EMPRESA ESPECIALIZADA.",8,1081,30,7971087,38500,200,1,"1159"
"17521","2020","1","56","2","BA","PT","SERVIÇOS POSTAIS",54,1060,39,10393170,38638.99,7554.73,11,"171"
"104214","2020","1","56","2","PE","REPUBLICANOS","DIVULGAÇÃO MANDATO",30,1657,25,6570072,41304.94,8087.9,4,"989"
"171101","2020","2","56","2","RS","PDT","DIVULGAÇÃO MANDATO",28,1619,31,8354732,40504.04,18220,11,"1741"
"101047","2020","2","56","2","PB","PP","COMBUSTÍVEIS E LUBRIFICANTES",38,1716,12,2867649,41660.7,4061.4,31,"1019"
"82483","2020","2","56","2","MS","PT","SERVIÇOS POSTAIS",54,878,8,1877982,40170.98,179.98,5,"873"
"190712","2020","2","56","2","SP","PT","SERVIÇO DE SEGURANÇA PRESTADO POR EMPRESA ESPECIALIZADA.",54,873,70,33040411,36671.67,850,1,"1979"
"39231","2020","2","56","2","DF","REPUBLICANOS","TELEFONIA",30,0,8,2084356,30416.8,747.45,6,"405"
"90930","2020","2","56","2","PA","PSOL","DIVULGAÇÃO MANDATO",10,1592,17,5499283,41855.59,650,1,"949"
"91896","2020","2","56","2","PA","UNIÃO","DIVULGAÇÃO MANDATO",52,1592,17,5499283,41855.59,11800,4,"978"
"203556","2020","2","56","2","TO","PP","PASSAGEM AÉREA",38,620,8,1039439,39131.75,10362.25,14,"2119"
"141482","2020","3","56","2","RJ","REPUBLICANOS","ASSESSORIA TÉCNICA/JURÍDICA",30,933,46,12408340,35388.11,12000,1,"1337"
"201814","2020","3","56","2","TO","PP","PASSAGEM AÉREA",38,620,8,1039439,39131.75,6070.24,14,"2032"
"85653","2020","3","56","2","MT","PL","SERVIÇOS POSTAIS",33,873,8,2330281,39056.17,95.53,2,"875"
"190484","2020","3","56","2","SP","PSOL","LOCAÇÃO DE AUTOMÓVEIS",10,873,70,33040411,36671.67,4601.86,2,"1947"
"172691","2020","3","56","2","RS","NOVO","MANUTENÇÃO DE ESCRITÓRIO",8,1619,31,8354732,40504.04,2350,1,"1733"
"85486","2020","3","56","2","MT","PT","MANUTENÇÃO DE ESCRITÓRIO",54,873,8,2330281,39056.17,8917.9,9,"870"
"202328","2020","3","56","2","TO","MDB","DIVULGAÇÃO MANDATO",34,620,8,1039439,39131.75,26000,4,"2047"
"26729","2020","3","56","2","BA","PODEMOS","PASSAGENS TERRESTRES, MARÍTIMAS OU FLUVIAIS",17,1060,39,10393170,38638.99,198.45,2,"237"
"104490","2020","4","56","2","PE","AVANTE","COMBUSTÍVEIS E LUBRIFICANTES",7,1657,25,6570072,41304.94,200,1,"777"
"18083","2020","4","56","2","BA","PSDB","SERVIÇOS POSTAIS",29,1060,39,10393170,38638.99,47.77,1,"142"
"168161","2020","4","56","2","RS","PSB","MANUTENÇÃO DE ESCRITÓRIO",32,1619,31,8354732,40504.04,6073.73,6,"1205"
"186895","2020","4","56","2","SP","PSDB","SERVIÇOS POSTAIS",29,873,70,33040411,36671.67,326.35,8,"1409"
"175962","2020","4","56","2","SC","PT","MANUTENÇÃO DE ESCRITÓRIO",54,1314,16,5070212,39505.92,3973.36,2,"1327"
"50352","2020","4","56","2","GO","MDB","MANUTENÇÃO DE ESCRITÓRIO",34,173,17,4454497,35135.2,6550.01,7,"395"
"91124","2020","5","56","2","PA","PL","TELEFONIA",33,1592,17,5499283,41855.59,833.11,6,"713"
"31904","2020","5","56","2","CE","PL","SERVIÇOS POSTAIS",33,1687,22,6344483,42079.91,157.64,2,"274"
"156734","2020","5","56","2","RR","REPUBLICANOS","PASSAGEM AÉREA",30,2496,8,333464,45240.67,3551.47,4,"1197"
"144610","2020","5","56","2","RJ","PSD","DIVULGAÇÃO MANDATO",35,933,46,12408340,35388.11,35451.72,8,"1080"
"175310","2020","5","56","2","SC","NOVO","PASSAGEM AÉREA",8,1314,16,5070212,39505.92,305.47,1,"1392"
"42524","2020","5","56","2","ES","REPUBLICANOS","DIVULGAÇÃO MANDATO",30,947,10,2754728,37052.05,5000,1,"337"
"42788","2020","6","56","2","ES","PTB","TELEFONIA",10,947,10,2754728,37052.05,1215.26,3,"334"
"130453","2020","6","56","2","PR","PV","MANUTENÇÃO DE ESCRITÓRIO",4,1081,30,7971087,38500,601.9,1,"1003"
"86595","2020","6","56","2","MT","REPUBLICANOS","COMBUSTÍVEIS E LUBRIFICANTES",30,873,8,2330281,39056.17,1065.96,4,"707"
"92307","2020","6","56","2","PA","PSB","SERVIÇOS POSTAIS",32,1592,17,5499283,41855.59,350.72,2,"752"
"191289","2020","6","56","2","SP","UNIÃO","LOCAÇÃO DE AUTOMÓVEIS",52,873,70,33040411,36671.67,21950,5,"1566"
"62915","2020","6","56","2","MA","MDB","MANUTENÇÃO DE ESCRITÓRIO",34,1524,18,4537237,41779.83,1800.5,2,"487"
"7265","2020","7","56","2","AL","PSD","SERVIÇO DE SEGURANÇA PRESTADO POR EMPRESA ESPECIALIZADA.",35,1485,9,2187967,40572.24,4100,1,"63"
"129649","2020","7","56","2","PR","PROS","PASSAGEM AÉREA",8,1081,30,7971087,38500,4172.28,19,"1023"
"192083","2020","7","56","2","SP","PT","TELEFONIA",54,873,70,33040411,36671.67,9681.13,39,"1648"
"46382","2020","7","56","2","ES","PTB","TELEFONIA",10,947,10,2754728,37052.05,1240.06,3,"354"
"75030","2020","7","56","2","MG","PL","LOCAÇÃO DE AUTOMÓVEIS",33,624,53,15700966,35720.85,37000,8,"627"
"102806","2020","7","56","2","PB","UNIÃO","MANUTENÇÃO DE ESCRITÓRIO",52,1716,12,2867649,41660.7,4405.28,2,"849"
"155718","2020","7","56","2","RO","PSD","MANUTENÇÃO DE ESCRITÓRIO",35,1900,8,1175733,43300.63,400,1,"1286"
"17832","2020","8","56","2","BA","PT","PASSAGEM AÉREA",54,1060,39,10393170,38638.99,10827.2,9,"156"
"540","2020","8","56","2","AC","PCdoB","PASSAGEM AÉREA",10,2246,8,547680,44260.6,7418.88,9,"4"
"38628","2020","8","56","2","CE","PL","COMBUSTÍVEIS E LUBRIFICANTES",33,1687,22,6344483,42079.91,170,2,"329"
"184284","2020","8","56","2","SE","REPUBLICANOS","ASSESSORIA TÉCNICA/JURÍDICA",30,1292,8,1577058,39767.4,25500,1,"1586"
"189844","2020","8","56","2","SP","PL","TELEFONIA",33,873,70,33040411,36671.67,8488.8,41,"1658"
"67650","2020","8","56","2","MG","PSC","TELEFONIA",8,624,53,15700966,35720.85,4.05,1,"572"
"31879","2020","8","56","2","CE","PP","LOCAÇÃO DE AUTOMÓVEIS",38,1687,22,6344483,42079.91,5000,1,"307"
"61163","2020","9","56","2","MA","PP","PASSAGEM AÉREA",38,1524,18,4537237,41779.83,11373.98,10,"497"
"42752","2020","9","56","2","ES","PTB","LOCAÇÃO DE AUTOMÓVEIS",10,947,10,2754728,37052.05,11800,2,"355"
"19162","2020","9","56","2","BA","PODEMOS","PASSAGENS TERRESTRES, MARÍTIMAS OU FLUVIAIS",17,1060,39,10393170,38638.99,305.4,4,"181"
"141947","2020","9","56","2","RJ","PSD","PASSAGEM AÉREA",35,933,46,12408340,35388.11,35164.77,36,"1166"
"152313","2020","9","56","2","RO","PODEMOS","PASSAGEM AÉREA",17,1900,8,1175733,43300.63,2093.15,8,"1308"
"172739","2020","9","56","2","RS","PSB","DIVULGAÇÃO MANDATO",32,1619,31,8354732,40504.04,3501,7,"1476"
"16922","2020","9","56","2","AP","PL","SERVIÇOS POSTAIS",33,1791,8,512110,43002.92,328.8,1,"140"
"26662","2020","10","56","2","BA","PDT","COMBUSTÍVEIS E LUBRIFICANTES",28,1060,39,10393170,38638.99,2461.45,11,"202"
"201948","2020","10","56","2","TO","PSC","MANUTENÇÃO DE ESCRITÓRIO",8,620,8,1039439,39131.75,3112,5,"1755"
"74447","2020","10","56","2","MG","PP","ASSESSORIA TÉCNICA/JURÍDICA",38,624,53,15700966,35720.85,8000,1,"637"
"115720","2020","10","56","2","PI","PT","COMBUSTÍVEIS E LUBRIFICANTES",54,1313,10,2370894,40599.91,10312.82,22,"1008"
"142087","2020","10","56","2","RJ","PL","LOCAÇÃO DE AUTOMÓVEIS",33,933,46,12408340,35388.11,49580.8,11,"1171"
"49598","2020","10","56","2","GO","UNIÃO","MANUTENÇÃO DE ESCRITÓRIO",52,173,17,4454497,35135.2,5317.98,5,"446"
"48108","2020","10","56","2","GO","PDT","ASSESSORIA TÉCNICA/JURÍDICA",28,173,17,4454497,35135.2,12050,1,"415"
"185484","2020","11","56","2","SP","PROS","LOCAÇÃO DE AUTOMÓVEIS",8,873,70,33040411,36671.67,9121.33,1,"1610"
"168321","2020","11","56","2","RS","PT","SERVIÇO DE TÁXI, PEDÁGIO E ESTACIONAMENTO",54,1619,31,8354732,40504.04,2186.95,18,"1391"
"185555","2020","11","56","2","SP","PCdoB","MANUTENÇÃO DE ESCRITÓRIO",10,873,70,33040411,36671.67,3115.05,2,"1611"
"174213","2020","11","56","2","SC","PL","TELEFONIA",33,1314,16,5070212,39505.92,514.93,7,"1521"
"49528","2020","11","56","2","GO","UNIÃO","MANUTENÇÃO DE ESCRITÓRIO",52,173,17,4454497,35135.2,5374.21,4,"450"
"200295","2020","11","56","2","SP","CIDADANIA","MANUTENÇÃO DE ESCRITÓRIO",8,873,70,33040411,36671.67,15590.32,16,"1733"
"200922","2020","11","56","2","SP","REPUBLICANOS","COMBUSTÍVEIS E LUBRIFICANTES",30,873,70,33040411,36671.67,15539.65,56,"1747"
"140568","2020","12","56","2","RJ","PSDB","MANUTENÇÃO DE ESCRITÓRIO",29,933,46,12408340,35388.11,320,1,"1216"
"202505","2020","12","56","2","TO","PT","HOSPEDAGEM ,EXCETO DO PARLAMENTAR NO DISTRITO FEDERAL.",54,620,8,1039439,39131.75,1208,3,"1876"
"160682","2020","12","56","2","RS","PSDB","MANUTENÇÃO DE ESCRITÓRIO",29,1619,31,8354732,40504.04,14127.9,8,"1461"
"66989","2020","12","56","2","MG","PP","COMBUSTÍVEIS E LUBRIFICANTES",38,624,53,15700966,35720.85,17194.79,75,"592"
"91633","2020","12","56","2","PA","REPUBLICANOS","MANUTENÇÃO DE ESCRITÓRIO",30,1592,17,5499283,41855.59,3998.28,5,"866"
"202180","2020","12","56","2","TO","PODEMOS","TELEFONIA",17,620,8,1039439,39131.75,1406.29,4,"1869"
"85282","2020","12","56","2","MT","MDB","PASSAGEM AÉREA",34,873,8,2330281,39056.17,18097.54,38,"795"
"17957","2021","1","56","3","BA","PSD","PASSAGEM AÉREA",35,1060,39,10393170,38638.99,39189.52,68,"180"
"186919","2021","1","56","3","SP","PSD","SERVIÇO DE TÁXI, PEDÁGIO E ESTACIONAMENTO",35,873,70,33040411,36671.67,79.27,5,"1677"
"49322","2021","1","56","3","GO","MDB","DIVULGAÇÃO MANDATO",34,173,17,4454497,35135.2,26300,2,"434"
"46900","2021","1","56","3","ES","PT","ASSESSORIA TÉCNICA/JURÍDICA",54,947,10,2754728,37052.05,6000,1,"391"
"49301","2021","1","56","3","GO","PP","COMBUSTÍVEIS E LUBRIFICANTES",38,173,17,4454497,35135.2,4313.18,10,"431"
"171896","2021","1","56","3","RS","MDB","LOCAÇÃO DE AUTOMÓVEIS",34,1619,31,8354732,40504.04,12989.3,5,"1514"
"155332","2021","1","56","3","RO","PL","LOCAÇÃO DE AUTOMÓVEIS",33,1900,8,1175733,43300.63,8200,2,"1351"
"9918","2021","2","56","3","AM","PT","FORNECIMENTO DE ALIMENTAÇÃO DO PARLAMENTAR",54,1932,8,2428098,43198.26,219.59,3,"95"
"102177","2021","2","56","3","PB","UNIÃO","LOCAÇÃO DE AUTOMÓVEIS",52,1716,12,2867649,41660.7,4090,2,"931"
"83091","2021","2","56","3","MS","PL","SERVIÇOS POSTAIS",33,878,8,1877982,40170.98,78.47,2,"777"
"75639","2021","2","56","3","MG","PATRIOTA","MANUTENÇÃO DE ESCRITÓRIO",9,624,53,15700966,35720.85,13388.91,10,"702"
"123401","2021","2","56","3","PR","PROS","SERVIÇO DE TÁXI, PEDÁGIO E ESTACIONAMENTO",8,1081,30,7971087,38500,1043,98,"1123"
"19589","2021","2","56","3","BA","PSB","DIVULGAÇÃO MANDATO",32,1060,39,10393170,38638.99,6500,3,"226"
"75746","2021","2","56","3","MG","PSDB","LOCAÇÃO DE AUTOMÓVEIS",29,624,53,15700966,35720.85,15289.16,4,"705"
"67137","2021","3","56","3","MG","MDB","COMBUSTÍVEIS E LUBRIFICANTES",34,624,53,15700966,35720.85,4535.54,23,"563"
"62602","2021","3","56","3","MA","PT","MANUTENÇÃO DE ESCRITÓRIO",54,1524,18,4537237,41779.83,6336.82,7,"529"
"50448","2021","3","56","3","GO","PT","MANUTENÇÃO DE ESCRITÓRIO",54,173,17,4454497,35135.2,10240.53,7,"459"
"151487","2021","3","56","3","RO","REPUBLICANOS","SERVIÇOS POSTAIS",30,1900,8,1175733,43300.63,303.59,1,"1334"
"116933","2021","3","56","3","PI","REPUBLICANOS","LOCAÇÃO DE AUTOMÓVEIS",30,1313,10,2370894,40599.91,3942.21,1,"1034"
"10568","2021","3","56","3","AM","PL","COMBUSTÍVEIS E LUBRIFICANTES",33,1932,8,2428098,43198.26,4105.24,33,"102"
"173967","2021","3","56","3","SC","UNIÃO","MANUTENÇÃO DE ESCRITÓRIO",52,1314,16,5070212,39505.92,300,1,"1557"
"7177","2021","4","56","3","AL","PP","MANUTENÇÃO DE ESCRITÓRIO",38,1485,9,2187967,40572.24,630,1,"78"
"168788","2021","4","56","3","RS","PT","SERVIÇO DE TÁXI, PEDÁGIO E ESTACIONAMENTO",54,1619,31,8354732,40504.04,1746.02,24,"1458"
"49272","2021","4","56","3","GO","PP","ASSESSORIA TÉCNICA/JURÍDICA",38,173,17,4454497,35135.2,58450,2,"455"
"92331","2021","4","56","3","PA","UNIÃO","ASSESSORIA TÉCNICA/JURÍDICA",52,1592,17,5499283,41855.59,20000,1,"835"
"62793","2021","4","56","3","MA","REPUBLICANOS","MANUTENÇÃO DE ESCRITÓRIO",30,1524,18,4537237,41779.83,10194.23,10,"542"
"145306","2021","4","56","3","RJ","PTB","DIVULGAÇÃO MANDATO",10,933,46,12408340,35388.11,7000,1,"1263"
"2441","2021","4","56","3","AC","PT","MANUTENÇÃO DE ESCRITÓRIO",54,2246,8,547680,44260.6,2253,1,"34"
"175230","2021","5","56","3","SC","PT","DIVULGAÇÃO MANDATO",54,1314,16,5070212,39505.92,10700,2,"1683"
"187727","2021","5","56","3","SP","PSDB","PASSAGEM AÉREA",29,873,70,33040411,36671.67,30993.79,55,"1815"
"143303","2021","5","56","3","RJ","MDB","DIVULGAÇÃO MANDATO",34,933,46,12408340,35388.11,11650,3,"1300"
"130719","2021","5","56","3","PR","PSB","LOCAÇÃO DE AUTOMÓVEIS",32,1081,30,7971087,38500,1690,1,"1184"
"73566","2021","5","56","3","MG","PL","SERVIÇO DE SEGURANÇA PRESTADO POR EMPRESA ESPECIALIZADA.",33,624,53,15700966,35720.85,314.57,1,"656"
"42645","2021","5","56","3","ES","PP","LOCAÇÃO DE AUTOMÓVEIS",38,947,10,2754728,37052.05,26991.87,7,"391"
"6041","2021","5","56","3","AL","PT","COMBUSTÍVEIS E LUBRIFICANTES",54,1485,9,2187967,40572.24,244.13,1,"53"
"132026","2021","6","56","3","PR","PSD","PASSAGEM AÉREA",35,1081,30,7971087,38500,31489.83,46,"1240"
"102931","2021","6","56","3","PB","PT","DIVULGAÇÃO MANDATO",54,1716,12,2867649,41660.7,30800,3,"968"
"46516","2021","6","56","3","ES","PTB","SERVIÇOS POSTAIS",10,947,10,2754728,37052.05,110.4,1,"418"
"123104","2021","6","56","3","PR","PL","PASSAGEM AÉREA",33,1081,30,7971087,38500,38894.1,52,"1143"
"13692","2021","6","56","3","AP","REPUBLICANOS","TELEFONIA",30,1791,8,512110,43002.92,471.41,3,"148"
"83522","2021","6","56","3","MS","PT","MANUTENÇÃO DE ESCRITÓRIO",54,878,8,1877982,40170.98,3445.34,4,"805"
"118144","2021","6","56","3","PI","PT","SERVIÇOS POSTAIS",54,1313,10,2370894,40599.91,480.39,4,"1126"
"6739","2021","7","56","3","AL","PSD","SERVIÇO DE TÁXI, PEDÁGIO E ESTACIONAMENTO",35,1485,9,2187967,40572.24,138.95,13,"67"
"122920","2021","7","56","3","PR","PSD","ASSESSORIA TÉCNICA/JURÍDICA",35,1081,30,7971087,38500,53800,5,"1135"
"158210","2021","7","56","3","RR","REDE","PASSAGEM AÉREA",1,2496,8,333464,45240.67,11639.67,9,"1514"
"131731","2021","7","56","3","PR","PDT","DIVULGAÇÃO MANDATO",28,1081,30,7971087,38500,17667.38,2,"1236"
"174489","2021","7","56","3","SC","PP","COMBUSTÍVEIS E LUBRIFICANTES",38,1314,16,5070212,39505.92,3244.18,2,"1682"
"191402","2021","7","56","3","SP","UNIÃO","PASSAGEM AÉREA",52,873,70,33040411,36671.67,60587.4,69,"1856"
"93560","2021","7","56","3","PA","MDB","LOCAÇÃO DE AUTOMÓVEIS",34,1592,17,5499283,41855.59,9990,2,"914"
"145371","2021","8","56","3","RJ","PT","MANUTENÇÃO DE ESCRITÓRIO",54,933,46,12408340,35388.11,8006.86,2,"1383"
"146486","2021","8","56","3","RJ","PT","FORNECIMENTO DE ALIMENTAÇÃO DO PARLAMENTAR",54,933,46,12408340,35388.11,350.29,4,"1408"
"85347","2021","8","56","3","MT","PT","TELEFONIA",54,873,8,2330281,39056.17,1368.59,4,"823"
"1958","2021","8","56","3","AC","PT","COMBUSTÍVEIS E LUBRIFICANTES",54,2246,8,547680,44260.6,4993.06,17,"22"
"90742","2021","8","56","3","PA","PTB","DIVULGAÇÃO MANDATO",10,1592,17,5499283,41855.59,10000,1,"878"
"175911","2021","8","56","3","SC","PP","LOCAÇÃO DE AUTOMÓVEIS",38,1314,16,5070212,39505.92,5200,1,"1744"
"10974","2021","8","56","3","AM","REPUBLICANOS","PASSAGEM AÉREA",30,1932,8,2428098,43198.26,10508.01,7,"123"
"2117","2021","9","56","3","AC","PCdoB","TELEFONIA",10,2246,8,547680,44260.6,723.37,3,"29"
"91582","2021","9","56","3","PA","PSOL","SERVIÇO DE SEGURANÇA PRESTADO POR EMPRESA ESPECIALIZADA.",10,1592,17,5499283,41855.59,8500,1,"903"
"85438","2021","9","56","3","MT","MDB","SERVIÇOS POSTAIS",34,873,8,2330281,39056.17,408.48,4,"828"
"132739","2021","9","56","3","PR","PSD","HOSPEDAGEM ,EXCETO DO PARLAMENTAR NO DISTRITO FEDERAL.",35,1081,30,7971087,38500,3218.27,21,"1288"
"12933","2021","9","56","3","AP","PL","DIVULGAÇÃO MANDATO",33,1791,8,512110,43002.92,35000,2,"137"
"18557","2021","9","56","3","BA","PP","SERVIÇO DE TÁXI, PEDÁGIO E ESTACIONAMENTO",38,1060,39,10393170,38638.99,900,1,"209"
"10572","2021","9","56","3","AM","PL","SERVIÇOS POSTAIS",33,1932,8,2428098,43198.26,138.3,4,"113"
"29209","2021","10","56","3","BA","PV","PASSAGEM AÉREA",4,1060,39,10393170,38638.99,10087.77,19,"286"
"82306","2021","10","56","3","MS","PL","LOCAÇÃO DE AUTOMÓVEIS",33,878,8,1877982,40170.98,9100,2,"793"
"11037","2021","10","56","3","AM","UNIÃO","COMBUSTÍVEIS E LUBRIFICANTES",52,1932,8,2428098,43198.26,703.62,3,"121"
"93515","2021","10","56","3","PA","MDB","ASSESSORIA TÉCNICA/JURÍDICA",34,1592,17,5499283,41855.59,17000,2,"939"
"143395","2021","10","56","3","RJ","PP","TELEFONIA",38,933,46,12408340,35388.11,4940.8,22,"1351"
"173769","2021","10","56","3","SC","PP","TELEFONIA",38,1314,16,5070212,39505.92,1681.15,3,"1706"
"201206","2021","10","56","3","TO","PP","ASSESSORIA TÉCNICA/JURÍDICA",38,620,8,1039439,39131.75,22000,1,"1969"
"29323","2021","10","56","3","BA","PSB","COMBUSTÍVEIS E LUBRIFICANTES",32,1060,39,10393170,38638.99,4452.35,18,"289"
"5544","2021","11","56","3","AL","PT","DIVULGAÇÃO MANDATO",54,1485,9,2187967,40572.24,30650,5,"44"
"144986","2021","11","56","3","RJ","PSDB","MANUTENÇÃO DE ESCRITÓRIO",29,933,46,12408340,35388.11,10178.9,4,"1365"
"193085","2021","11","56","3","SP","UNIÃO","SERVIÇO DE SEGURANÇA PRESTADO POR EMPRESA ESPECIALIZADA.",52,873,70,33040411,36671.67,819.36,3,"1903"
"146032","2021","11","56","3","RJ","UNIÃO","SERVIÇO DE SEGURANÇA PRESTADO POR EMPRESA ESPECIALIZADA.",52,933,46,12408340,35388.11,194.08,1,"1393"
"161603","2021","11","56","3","RS","PSD","MANUTENÇÃO DE ESCRITÓRIO",35,1619,31,8354732,40504.04,10409.06,9,"1554"
"3145","2021","11","56","3","AC","MDB","COMBUSTÍVEIS E LUBRIFICANTES",34,2246,8,547680,44260.6,9129.69,2,"43"
"85675","2021","11","56","3","MT","PT","SERVIÇO DE SEGURANÇA PRESTADO POR EMPRESA ESPECIALIZADA.",54,873,8,2330281,39056.17,459,1,"815"
"183984","2021","12","56","3","SE","UNIÃO","TELEFONIA",52,1292,8,1577058,39767.4,22.27,1,"1643"
"61630","2021","12","56","3","MA","PL","LOCAÇÃO DE AUTOMÓVEIS",33,1524,18,4537237,41779.83,6586.38,2,"500"
"13796","2021","12","56","3","AP","PL","LOCAÇÃO OU FRETAMENTO DE EMBARCAÇÕES",33,1791,8,512110,43002.92,8900,1,"136"
"29793","2021","12","56","3","BA","PT","LOCAÇÃO DE AUTOMÓVEIS",54,1060,39,10393170,38638.99,16600,3,"261"
"6941","2021","12","56","3","AL","PSD","SERVIÇOS POSTAIS",35,1485,9,2187967,40572.24,308.46,2,"65"
"132441","2021","12","56","3","PR","PP","FORNECIMENTO DE ALIMENTAÇÃO DO PARLAMENTAR",38,1081,30,7971087,38500,290.14,5,"1152"
"106101","2021","12","56","3","PE","REDE","HOSPEDAGEM ,EXCETO DO PARLAMENTAR NO DISTRITO FEDERAL.",1,1657,25,6570072,41304.94,416.2,1,"954"
"82319","2022","1","56","4","MS","PSDB","COMBUSTÍVEIS E LUBRIFICANTES",29,878,8,1877982,40170.98,11778.81,14,"714"
"132132","2022","1","56","4","PR","PL","SERVIÇOS POSTAIS",33,1081,30,7971087,38500,1728.2,2,"1130"
"173527","2022","1","56","4","SC","PSD","LOCAÇÃO DE AUTOMÓVEIS",35,1314,16,5070212,39505.92,17979,5,"1532"
"74734","2022","1","56","4","MG","PL","MANUTENÇÃO DE ESCRITÓRIO",33,624,53,15700966,35720.85,31348.51,45,"642"
"190818","2022","1","56","4","SP","UNIÃO","SERVIÇOS POSTAIS",52,873,70,33040411,36671.67,1409.53,3,"1692"
"93101","2022","1","56","4","PA","PTB","PASSAGEM AÉREA",10,1592,17,5499283,41855.59,540.73,2,"828"
"128721","2022","1","56","4","PR","PV","LOCAÇÃO DE AUTOMÓVEIS",4,1081,30,7971087,38500,9711.48,2,"1066"
"47727","2022","2","56","4","GO","PATRIOTA","TELEFONIA",9,173,17,4454497,35135.2,139.9,2,"439"
"17667","2022","2","56","4","BA","UNIÃO","ASSESSORIA TÉCNICA/JURÍDICA",52,1060,39,10393170,38638.99,34000,2,"175"
"39905","2022","2","56","4","DF","PP","COMBUSTÍVEIS E LUBRIFICANTES",38,0,8,2084356,30416.8,1003.51,3,"382"
"31756","2022","2","56","4","CE","PDT","MANUTENÇÃO DE ESCRITÓRIO",28,1687,22,6344483,42079.91,23247.25,19,"333"
"101725","2022","2","56","4","PB","PSB","DIVULGAÇÃO MANDATO",32,1716,12,2867649,41660.7,8300,15,"944"
"149471","2022","2","56","4","RN","UNIÃO","LOCAÇÃO DE AUTOMÓVEIS",52,1775,8,2373619,42360.13,12400,3,"1432"
"122678","2022","2","56","4","PR","SOLIDARIEDADE","FORNECIMENTO DE ALIMENTAÇÃO DO PARLAMENTAR",13,1081,30,7971087,38500,120.63,4,"1136"
"6210","2022","3","56","4","AL","REPUBLICANOS","PASSAGEM AÉREA",30,1485,9,2187967,40572.24,11529.96,11,"57"
"100870","2022","3","56","4","PB","PP","COMBUSTÍVEIS E LUBRIFICANTES",38,1716,12,2867649,41660.7,5347.51,28,"952"
"129803","2022","3","56","4","PR","PSB","MANUTENÇÃO DE ESCRITÓRIO",32,1081,30,7971087,38500,9867.32,6,"1234"
"42079","2022","3","56","4","ES","PT","ASSESSORIA TÉCNICA/JURÍDICA",54,947,10,2754728,37052.05,6000,1,"401"
"7092","2022","3","56","4","AL","PP","TELEFONIA",38,1485,9,2187967,40572.24,239.13,3,"75"
"76526","2022","3","56","4","MG","PSDB","SERVIÇO DE TÁXI, PEDÁGIO E ESTACIONAMENTO",29,624,53,15700966,35720.85,209.83,33,"764"
"144381","2022","3","56","4","RJ","PP","HOSPEDAGEM ,EXCETO DO PARLAMENTAR NO DISTRITO FEDERAL.",38,933,46,12408340,35388.11,3994.03,11,"1387"
"17058","2022","3","56","4","AP","PP","TELEFONIA",38,1791,8,512110,43002.92,787.75,6,"173"
"171658","2022","4","56","4","RS","REPUBLICANOS","SERVIÇO DE TÁXI, PEDÁGIO E ESTACIONAMENTO",30,1619,31,8354732,40504.04,503.09,21,"1650"
"31389","2022","4","56","4","CE","PL","ASSESSORIA TÉCNICA/JURÍDICA",33,1687,22,6344483,42079.91,5000,1,"323"
"152005","2022","4","56","4","RO","PL","DIVULGAÇÃO MANDATO",33,1900,8,1175733,43300.63,40425,23,"1460"
"190968","2022","4","56","4","SP","PT","PASSAGEM AÉREA",54,873,70,33040411,36671.67,79322.03,108,"1894"
"180257","2022","4","56","4","SC","PSD","SERVIÇO DE TÁXI, PEDÁGIO E ESTACIONAMENTO",35,1314,16,5070212,39505.92,543.54,27,"1747"
"74953","2022","4","56","4","MG","PT","SERVIÇO DE TÁXI, PEDÁGIO E ESTACIONAMENTO",54,624,53,15700966,35720.85,1747.3,57,"715"
"56406","2022","4","56","4","MA","REPUBLICANOS","MANUTENÇÃO DE ESCRITÓRIO",30,1524,18,4537237,41779.83,10569.38,10,"523"
"103870","2022","5","56","4","PE","SOLIDARIEDADE","MANUTENÇÃO DE ESCRITÓRIO",13,1657,25,6570072,41304.94,2638.55,6,"1013"
"13541","2022","5","56","4","AP","PSB","PASSAGEM AÉREA",32,1791,8,512110,43002.92,13181.23,17,"138"
"68055","2022","5","56","4","MG","PSC","ASSESSORIA TÉCNICA/JURÍDICA",8,624,53,15700966,35720.85,12000,1,"637"
"34789","2022","5","56","4","CE","PSB","COMBUSTÍVEIS E LUBRIFICANTES",32,1687,22,6344483,42079.91,2636.41,7,"337"
"155377","2022","5","56","4","RO","PL","PASSAGEM AÉREA",33,1900,8,1175733,43300.63,22675.59,17,"1509"
"148030","2022","5","56","4","RN","PSB","DIVULGAÇÃO MANDATO",32,1775,8,2373619,42360.13,9000,1,"1434"
"75151","2022","5","56","4","MG","SOLIDARIEDADE","SERVIÇOS POSTAIS",13,624,53,15700966,35720.85,126.1,2,"734"
"172509","2022","5","56","4","RS","PT","FORNECIMENTO DE ALIMENTAÇÃO DO PARLAMENTAR",54,1619,31,8354732,40504.04,643.5,19,"1703"
"106889","2022","6","56","4","PE","SOLIDARIEDADE","COMBUSTÍVEIS E LUBRIFICANTES",13,1657,25,6570072,41304.94,1136.04,3,"978"
"104420","2022","6","56","4","PE","PSB","COMBUSTÍVEIS E LUBRIFICANTES",32,1657,25,6570072,41304.94,20061.49,71,"931"
"101777","2022","6","56","4","PB","PT","PASSAGEM AÉREA",54,1716,12,2867649,41660.7,18176.34,14,"868"
"184303","2022","6","56","4","SE","PP","LOCAÇÃO DE AUTOMÓVEIS",38,1292,8,1577058,39767.4,12713,1,"1627"
"71568","2022","6","56","4","MG","PSD","HOSPEDAGEM ,EXCETO DO PARLAMENTAR NO DISTRITO FEDERAL.",35,624,53,15700966,35720.85,4409.58,27,"574"
"201380","2022","6","56","4","TO","PSB","FORNECIMENTO DE ALIMENTAÇÃO DO PARLAMENTAR",32,620,8,1039439,39131.75,605.72,9,"1794"
"184091","2022","6","56","4","SE","PSD","SERVIÇOS POSTAIS",35,1292,8,1577058,39767.4,44.5,1,"1620"
"61078","2022","7","56","4","MA","UNIÃO","ASSESSORIA TÉCNICA/JURÍDICA",52,1524,18,4537237,41779.83,35000,3,"471"
"101873","2022","7","56","4","PB","PSC","TELEFONIA",8,1716,12,2867649,41660.7,90.95,2,"841"
"55390","2022","7","56","4","MA","PT","PASSAGEM AÉREA",54,1524,18,4537237,41779.83,26662.52,24,"454"
"161438","2022","7","56","4","RS","PL","LOCAÇÃO DE AUTOMÓVEIS",33,1619,31,8354732,40504.04,39828.67,11,"1364"
"93097","2022","7","56","4","PA","PSDB","LOCAÇÃO DE AUTOMÓVEIS",29,1592,17,5499283,41855.59,4500,1,"812"
"85261","2022","7","56","4","MT","MDB","PASSAGEM AÉREA",34,873,8,2330281,39056.17,20973.54,19,"717"
"148402","2022","7","56","4","RN","PL","SERVIÇO DE TÁXI, PEDÁGIO E ESTACIONAMENTO",33,1775,8,2373619,42360.13,331.9,11,"1243"
"186201","2022","8","56","4","SP","PSD","MANUTENÇÃO DE ESCRITÓRIO",35,873,70,33040411,36671.67,5061.36,8,"1461"
"91884","2022","8","56","4","PA","MDB","MANUTENÇÃO DE ESCRITÓRIO",34,1592,17,5499283,41855.59,2162.95,6,"734"
"202184","2022","8","56","4","TO","PP","COMBUSTÍVEIS E LUBRIFICANTES",38,620,8,1039439,39131.75,6000,2,"1602"
"46706","2022","8","56","4","ES","PSB","PASSAGEM AÉREA",32,947,10,2754728,37052.05,1130,1,"341"
"147833","2022","8","56","4","RN","PSB","TELEFONIA",32,1775,8,2373619,42360.13,671.45,4,"1136"
"76727","2022","8","56","4","MG","PT","SERVIÇOS POSTAIS",54,624,53,15700966,35720.85,3846.76,16,"621"
"61863","2022","9","56","4","MA","PT","SERVIÇO DE SEGURANÇA PRESTADO POR EMPRESA ESPECIALIZADA.",54,1524,18,4537237,41779.83,553,1,"386"
"143490","2022","9","56","4","RJ","UNIÃO","ASSESSORIA TÉCNICA/JURÍDICA",52,933,46,12408340,35388.11,2000,1,"911"
"128443","2022","9","56","4","PR","PV","PASSAGEM AÉREA",4,1081,30,7971087,38500,1174.82,3,"809"
"104347","2022","9","56","4","PE","PSB","LOCAÇÃO DE AUTOMÓVEIS",32,1657,25,6570072,41304.94,22814.93,5,"708"
"191215","2022","9","56","4","SP","UNIÃO","MANUTENÇÃO DE ESCRITÓRIO",52,873,70,33040411,36671.67,29774.29,14,"1270"
"128372","2022","10","56","4","PR","PV","MANUTENÇÃO DE ESCRITÓRIO",4,1081,30,7971087,38500,4700,1,"1070"
"82347","2022","10","56","4","MS","PT","COMBUSTÍVEIS E LUBRIFICANTES",54,878,8,1877982,40170.98,881.94,4,"731"
"92590","2022","10","56","4","PA","PTB","LOCAÇÃO DE AUTOMÓVEIS",10,1592,17,5499283,41855.59,9990,1,"833"
"202597","2022","10","56","4","TO","PSB","ASSESSORIA TÉCNICA/JURÍDICA",32,620,8,1039439,39131.75,8000,1,"1838"
"47692","2022","10","56","4","ES","PT","PASSAGEM AÉREA",54,947,10,2754728,37052.05,4663.95,5,"408"
"61348","2022","10","56","4","MA","PP","LOCAÇÃO DE AUTOMÓVEIS",38,1524,18,4537237,41779.83,6500,1,"508"
"104286","2022","10","56","4","PE","PDT","DIVULGAÇÃO MANDATO",28,1657,25,6570072,41304.94,10000,1,"927"
"48920","2022","11","56","4","GO","SOLIDARIEDADE","COMBUSTÍVEIS E LUBRIFICANTES",13,173,17,4454497,35135.2,1838.43,4,"463"
"143787","2022","11","56","4","RJ","PT","COMBUSTÍVEIS E LUBRIFICANTES",54,933,46,12408340,35388.11,2165.53,16,"1295"
"131420","2022","11","56","4","PR","REPUBLICANOS","DIVULGAÇÃO MANDATO",30,1081,30,7971087,38500,500,1,"1201"
"48966","2022","11","56","4","GO","PT","TELEFONIA",54,173,17,4454497,35135.2,2702.57,7,"465"
"104799","2022","11","56","4","PE","PSD","COMBUSTÍVEIS E LUBRIFICANTES",35,1657,25,6570072,41304.94,4984.56,23,"997"
"27219","2022","11","56","4","BA","PSDB","ASSESSORIA TÉCNICA/JURÍDICA",29,1060,39,10393170,38638.99,5000,1,"234"
"17291","2022","11","56","4","AP","PSDB","ASSESSORIA TÉCNICA/JURÍDICA",29,1791,8,512110,43002.92,6000,1,"166"
"9872","2022","12","56","4","AM","REPUBLICANOS","PASSAGEM AÉREA",30,1932,8,2428098,43198.26,58.25,4,"90"
"77005","2022","12","56","4","MG","PT","MANUTENÇÃO DE ESCRITÓRIO",54,624,53,15700966,35720.85,51666.02,30,"722"
"28080","2022","12","56","4","BA","PODEMOS","TELEFONIA",17,1060,39,10393170,38638.99,78.96,2,"239"
"190416","2022","12","56","4","SP","PL","HOSPEDAGEM ,EXCETO DO PARLAMENTAR NO DISTRITO FEDERAL.",33,873,70,33040411,36671.67,6279.11,9,"1746"
"202814","2022","12","56","4","TO","PT","TELEFONIA",54,620,8,1039439,39131.75,680.84,4,"1865"
"168829","2022","12","56","4","RS","PODEMOS","LOCAÇÃO DE AUTOMÓVEIS",17,1619,31,8354732,40504.04,6066,2,"1483"
"169466","2022","12","56","4","RS","PSB","HOSPEDAGEM ,EXCETO DO PARLAMENTAR NO DISTRITO FEDERAL.",32,1619,31,8354732,40504.04,1419.56,2,"1504"
"10161","2023","1","56","5","AM","PL","TELEFONIA",33,1932,8,2428098,43198.26,1245.01,2,"88"
"149801","2023","1","56","5","RN","PSB","TELEFONIA",32,1775,8,2373619,42360.13,3.08,1,"1249"
"200807","2023","1","56","5","SP","PSDB","SERVIÇO DE TÁXI, PEDÁGIO E ESTACIONAMENTO",29,873,70,33040411,36671.67,1443.26,14,"1682"
"39195","2023","1","56","5","DF","MDB","TELEFONIA",34,0,8,2084356,30416.8,0.85,1,"328"
"46408","2023","1","56","5","ES","REPUBLICANOS","TELEFONIA",30,947,10,2754728,37052.05,1.19,1,"365"
"7227","2023","1","56","5","AL","PP","DIVULGAÇÃO MANDATO",38,1485,9,2187967,40572.24,34320,2,"76"
"130590","2023","1","56","5","PR","PSDB","HOSPEDAGEM ,EXCETO DO PARLAMENTAR NO DISTRITO FEDERAL.",29,1081,30,7971087,38500,150,1,"1045"
